tunnelID,SIDlist,ratio,bandwidth,PathType
0,21|135|139|140|143|151|,1,1.44136,WORK
1,8|11|27|35|109|80|56|59|,1,3.07809,WORK
2,21|135|139|140|147|68|54|42|,1,8.12849,WORK
3,8|11|27|35|,1,0,WORK
4,8|11|29|121|114|110|,1,1.66853,WORK
5,19|39|88|,1,3.90428,WORK
6,8|11|27|14|13|25|106|92|91|,1,0.917098,WORK
7,21|135|139|140|147|172|171|70|,1,0.918983,WORK
8,8|11|29|117|,1,21.0857,WORK
9,8|6|0|3|,1,6.85734,WORK
10,21|135|139|140|147|172|171|70|62|,1,19.1259,WORK
11,8|6|,1,1.51127,WORK
12,21|135|139|140|147|68|,1,6.48595,WORK
13,19|4|,1,12.2188,WORK
14,19|39|88|91|100|,1,6.62928,WORK
15,8|11|29|,1,245.26,WORK
16,21|135|139|149|,1,0.00306935,WORK
17,8|11|29|121|,1,0.0154598,WORK
18,8|11|27|37|,1,15.254,WORK
19,8|11|29|121|114|110|80|48|51|,1,2.35534,WORK
20,8|11|27|35|109|86|,1,30.9534,WORK
21,19|39|99|106|,1,6.7894,WORK
22,8|11|31|,1,0.445958,WORK
23,21|135|139|,1,23.067,WORK
24,8|11|27|14|17|,1,2.8742,WORK
25,21|135|139|149|152|155|,1,0.010523,WORK
26,21|135|139|140|147|68|67|110|80|72|79|,1,1.96528,WORK
27,8|11|,1,0,WORK
28,8|,1,24.0088,WORK
29,21|135|139|140|145|,1,0,WORK
30,21|135|139|140|147|172|171|58|,1,13.6412,WORK
31,8|11|27|35|109|80|,1,1.50081,WORK
32,21|135|139|126|,1,5.19385,WORK
33,21|135|139|140|147|166|156|,1,49.8836,WORK
34,8|11|27|14|13|,1,3.12123,WORK
35,19|41|,1,1.64155,WORK
36,21|135|139|140|145|155|158|163|,1,3.51052,WORK
37,19|39|,1,4.76425,WORK
38,8|11|27|35|22|25|,1,11.1294,WORK
39,21|135|139|140|147|172|162|161|,1,0.0192559,WORK
40,21|135|139|140|147|172|175|,1,6.63618,WORK
41,21|135|,1,5.92443,WORK
42,21|135|139|140|147|172|171|70|62|44|47|,1,1.62057,WORK
43,8|11|27|,1,2.26625,WORK
44,21|135|139|140|,1,97.5596,WORK
45,21|,1,8.7392,WORK
46,21|135|139|140|143|,1,0.00141185,WORK
47,19|,1,0,WORK
48,8|11|27|37|112|66|69|,1,1.75153,WORK
49,150|142|141|138|134|20|,1,0.0742441,WORK
50,167|68|54|59|,1,0.0960866,WORK
51,167|68|54|42|,1,0.760336,WORK
52,167|68|67|110|108|,1,0,WORK
53,167|68|67|110|,1,0.373535,WORK
54,167|68|67|110|104|92|,1,0.0477487,WORK
55,167|172|171|58|57|72|79|95|101|,1,0.0112404,WORK
56,167|68|65|,1,0.266569,WORK
57,167|136|120|117|,1,1.21721,WORK
58,167|68|67|16|,1,0.0290887,WORK
59,167|68|60|,1,1.36292,WORK
60,150|142|141|130|30|10|6|,1,0.0194548,WORK
61,167|68|,1,0.884458,WORK
62,150|142|141|138|134|32|10|6|0|,1,0.167347,WORK
63,167|68|67|110|86|83|95|,1,0.0149846,WORK
64,167|136|120|,1,10.3634,WORK
65,150|142|141|149|,1,0.0090899,WORK
66,167|136|,1,0.0153476,WORK
67,167|136|132|,1,2.91154,WORK
68,167|68|67|110|80|48|51|,1,0.0835916,WORK
69,167|68|67|110|86|,1,0.142,WORK
70,150|142|141|138|134|20|19|39|99|106|,1,0.147792,WORK
71,150|142|141|130|,1,0.0589483,WORK
72,150|142|141|,1,2.99692,WORK
73,167|68|67|,1,1.54805,WORK
74,156|159|,1,0.291288,WORK
75,167|68|67|110|80|72|79|,1,0.199803,WORK
76,150|142|141|138|134|32|,1,0,WORK
77,150|142|141|138|134|32|10|,1,0.468456,WORK
78,150|142|145|,1,0.0016592,WORK
79,167|68|54|,1,0.411143,WORK
80,167|68|67|110|80|,1,0.415222,WORK
81,150|142|141|126|,1,0.0194548,WORK
82,156|,1,6.50855,WORK
83,167|68|67|16|13|,1,0.111515,WORK
84,150|142|141|138|134|20|19|41|,1,0.032425,WORK
85,156|163|,1,1.28894,WORK
86,150|142|141|138|134|20|19|39|,1,1.45721,WORK
87,167|68|67|110|104|107|,1,0.0394069,WORK
88,156|161|,1,0.152189,WORK
89,156|165|,1,0.435786,WORK
90,150|142|141|138|,1,0.0674619,WORK
91,167|68|60|44|47|,1,0.0734136,WORK
92,167|136|132|36|,1,0.0842809,WORK
93,150|142|,1,0.117691,WORK
94,150|142|141|138|134|,1,0.0606033,WORK
95,150|,1,0.0180243,WORK
96,167|68|67|16|2|5|,1,0,WORK
97,167|,1,0.0660594,WORK
98,58|57|81|108|34|26|10|9|,1,8.50724,WORK
99,170|162|157|,1,0.127463,WORK
100,58|42|,1,9.52378,WORK
101,58|57|81|108|,1,0,WORK
102,58|57|81|,1,10.5821,WORK
103,58|57|81|104|92|,1,2.52097,WORK
104,58|57|81|104|92|91|,1,0.00864025,WORK
105,70|,1,0.0534794,WORK
106,170|173|136|120|117|,1,9.1814,WORK
107,58|55|67|16|,1,0.0694705,WORK
108,58|53|,1,7.19879,WORK
109,58|57|81|111|16|2|1|,1,0.0310505,WORK
110,58|55|,1,10.0555,WORK
111,58|57|81|111|16|2|,1,9.61795,WORK
112,58|57|72|79|95|,1,0.0061387,WORK
113,170|173|136|120|,1,55.4408,WORK
114,170|173|146|141|149|,1,0.00599675,WORK
115,58|55|67|115|,1,0.0031093,WORK
116,170|173|136|132|,1,1.23607,WORK
117,58|42|51|,1,1.21264,WORK
118,58|42|47|77|,1,1.43899,WORK
119,58|57|72|77|85|,1,0.371281,WORK
120,58|57|81|108|34|26|31|,1,6.9842,WORK
121,170|162|159|154|153|148|,1,9.58899,WORK
122,58|55|67|,1,3.74999,WORK
123,170|162|159|,1,0.0061387,WORK
124,58|42|47|79|,1,0.266064,WORK
125,58|57|81|108|34|26|,1,0,WORK
126,58|57|81|111|16|2|1|7|,1,6.35092,WORK
127,170|173|146|145|,1,0,WORK
128,58|,1,11.1498,WORK
129,58|57|,1,0.0644606,WORK
130,58|57|81|108|34|26|31|124|123|,1,0.171618,WORK
131,170|162|,1,24.531,WORK
132,58|55|67|16|13|,1,0.0560158,WORK
133,58|57|81|104|107|98|97|,1,0.00015555,WORK
134,170|,1,0.331355,WORK
135,58|57|81|104|107|98|,1,0.539238,WORK
136,58|57|81|104|107|,1,0.410893,WORK
137,170|162|161|,1,0.459651,WORK
138,170|175|,1,7.02887,WORK
139,58|57|81|111|113|118|117|125|129|,1,0.0672537,WORK
140,58|42|47|,1,3.50359,WORK
141,58|55|67|16|15|,1,4.51585,WORK
142,170|173|146|,1,0.602489,WORK
143,170|173|146|141|138|134|,1,0.0389359,WORK
144,170|173|146|143|,1,0.0005848,WORK
145,58|57|81|111|16|2|5|,1,0,WORK
146,170|173|,1,0.103377,WORK
147,43|55|69|146|141|138|134|20|,1,1.65253,WORK
148,43|55|69|166|,1,0.52735,WORK
149,43|59|,1,2.01316,WORK
150,49|81|108|,1,0,WORK
151,49|81|,1,18.9953,WORK
152,49|81|104|92|,1,5.25684,WORK
153,47|79|95|101|,1,2.15512,WORK
154,45|63|,1,3.29947,WORK
155,43|55|67|115|120|117|,1,12.222,WORK
156,43|55|67|16|,1,10.8709,WORK
157,45|,1,16.5202,WORK
158,43|55|69|146|141|130|30|10|6|,1,0.285238,WORK
159,43|55|,1,8.42756,WORK
160,43|55|69|146|141|138|134|32|10|6|0|,1,4.05833,WORK
161,47|79|95|,1,0.428012,WORK
162,43|55|67|115|120|,1,228.842,WORK
163,43|55|69|146|141|149|,1,0.00325975,WORK
164,43|55|67|115|,1,0.622118,WORK
165,43|55|67|113|,1,2.16827,WORK
166,51|,1,10.2091,WORK
167,47|77|,1,23.2702,WORK
168,47|77|85|,1,4.38038,WORK
169,43|55|69|146|141|130|,1,0.657934,WORK
170,43|55|69|136|120|117|123|127|,1,25.4098,WORK
171,43|55|67|,1,33.863,WORK
172,43|59|170|162|159|,1,0.139387,WORK
173,47|79|,1,8.12593,WORK
174,43|55|69|146|141|138|134|32|,1,0,WORK
175,43|55|69|146|141|138|134|32|10|,1,13.0297,WORK
176,43|55|69|146|145|,1,0.00648465,WORK
177,45|52|,1,61.1617,WORK
178,49|,1,5.90137,WORK
179,43|55|69|146|141|126|,1,4.8693,WORK
180,43|59|170|162|,1,40.8458,WORK
181,43|55|67|16|13|,1,1.27291,WORK
182,49|81|104|107|98|97|,1,0.213128,WORK
183,43|59|170|,1,5.95164,WORK
184,49|81|104|107|98|,1,30.2817,WORK
185,49|81|104|107|,1,16.2678,WORK
186,43|59|170|162|161|,1,0.183064,WORK
187,45|63|71|170|175|,1,9.22829,WORK
188,45|61|69|136|120|117|125|129|,1,21.2471,WORK
189,47|,1,4.67696,WORK
190,43|55|67|16|15|,1,0.291051,WORK
191,45|61|69|146|,1,12.9473,WORK
192,45|61|69|146|141|138|134|,1,2.06348,WORK
193,43|55|69|146|143|,1,0.0123896,WORK
194,43|55|67|16|2|5|,1,0,WORK
195,45|61|69|,1,5.42881,WORK
196,34|26|10|9|,1,0,WORK
197,109|111|66|69|166|,1,0,WORK
198,109|80|56|59|,1,0,WORK
199,109|80|48|,1,0,WORK
200,109|,1,0,WORK
201,102|92|,1,0,WORK
202,102|92|91|,1,0,WORK
203,109|80|56|53|63|,1,0,WORK
204,109|111|115|120|117|,1,0,WORK
205,22|12|,1,0,WORK
206,109|80|48|45|,1,0,WORK
207,22|12|2|1|,1,0,WORK
208,109|80|56|55|,1,0,WORK
209,22|12|2|,1,0,WORK
210,109|86|83|95|,1,0,WORK
211,34|26|29|,1,0,WORK
212,109|111|66|69|146|141|149|,1,0,WORK
213,22|12|17|115|,1,0,WORK
214,34|37|,1,0,WORK
215,109|80|48|51|,1,0,WORK
216,102|84|,1,0,WORK
217,102|,1,0,WORK
218,34|26|31|,1,0,WORK
219,109|111|113|118|117|123|127|,1,0,WORK
220,109|111|,1,0,WORK
221,109|111|115|137|172|162|159|,1,0,WORK
222,109|80|72|79|,1,0,WORK
223,34|26|,1,0,WORK
224,34|26|10|,1,0,WORK
225,109|111|66|69|146|145|,1,0,WORK
226,109|80|56|,1,0,WORK
227,109|80|,1,0,WORK
228,34|26|31|124|123|,1,0,WORK
229,109|111|66|69|166|156|,1,0,WORK
230,22|,1,0,WORK
231,22|25|98|97|,1,0,WORK
232,109|111|115|137|172|,1,0,WORK
233,22|25|98|,1,0,WORK
234,22|25|,1,0,WORK
235,109|111|66|69|172|162|161|,1,0,WORK
236,109|111|66|69|172|175|,1,0,WORK
237,109|111|113|118|117|125|129|,1,0,WORK
238,109|80|72|,1,0,WORK
239,34|,1,0,WORK
240,109|111|66|69|146|,1,0,WORK
241,22|25|98|38|18|21|,1,0,WORK
242,109|111|66|69|146|143|,1,0,WORK
243,22|12|2|5|,1,0,WORK
244,109|111|66|69|,1,0,WORK
245,111|115|120|28|10|9|,1,4.16374,WORK
246,111|66|69|166|,1,3.89924,WORK
247,80|56|59|,1,1.90761,WORK
248,80|48|,1,24.781,WORK
249,108|,1,0,WORK
250,104|92|,1,4.80467,WORK
251,104|92|91|,1,0.0753431,WORK
252,80|48|45|63|,1,10.6392,WORK
253,111|113|118|117|,1,10.8552,WORK
254,111|16|,1,0.89413,WORK
255,80|48|45|,1,8.48793,WORK
256,111|16|2|1|,1,0.16267,WORK
257,111|66|,1,19.6149,WORK
258,111|16|2|,1,2.33388,WORK
259,80|72|79|95|,1,0.016212,WORK
260,111|113|118|,1,130.432,WORK
261,111|115|137|146|141|149|,1,2.635e-05,WORK
262,111|115|,1,1.9709,WORK
263,111|113|,1,2.34109,WORK
264,80|48|51|,1,1.78019,WORK
265,86|,1,17.6929,WORK
266,104|,1,65.6435,WORK
267,111|115|120|28|31|,1,1.41978,WORK
268,111|115|120|117|123|127|,1,25.2787,WORK
269,111|,1,13.4665,WORK
270,111|115|137|146|145|155|,1,0.0625065,WORK
271,86|83|,1,15.4037,WORK
272,111|115|120|28|,1,0,WORK
273,111|16|2|1|7|,1,11.7789,WORK
274,111|66|69|146|145|,1,1.615e-05,WORK
275,80|56|,1,2.61135,WORK
276,80|,1,16.9234,WORK
277,111|115|120|117|123|,1,0.470674,WORK
278,111|66|69|166|156|,1,28.3419,WORK
279,108|22|,1,6.13575,WORK
280,104|107|98|97|,1,5.99542,WORK
281,111|115|137|172|,1,9.01034,WORK
282,104|107|98|,1,16.1316,WORK
283,104|107|,1,19.5429,WORK
284,111|115|137|172|162|161|,1,8.2164,WORK
285,111|115|137|172|175|,1,1.54469,WORK
286,111|113|118|117|125|129|,1,5.92979,WORK
287,80|72|,1,13.2205,WORK
288,108|34|,1,2.36452,WORK
289,111|66|69|146|,1,28.4153,WORK
290,111|115|137|146|141|138|134|,1,0.789534,WORK
291,111|66|69|146|143|,1,1.275e-05,WORK
292,111|16|2|5|,1,0,WORK
293,80|56|55|69|,1,5.92254,WORK
294,89|38|18|,1,9.85445,WORK
295,93|105|111|66|69|166|,1,0.183389,WORK
296,93|105|80|56|59|,1,0.871902,WORK
297,93|105|80|48|,1,6.84562,WORK
298,93|103|,1,0,WORK
299,93|105|,1,0.769574,WORK
300,91|,1,0.156297,WORK
301,93|105|80|56|53|63|,1,5.8428,WORK
302,93|105|111|113|118|117|,1,7.9232,WORK
303,89|38|4|3|,1,0.358896,WORK
304,93|105|80|48|45|,1,2.03662,WORK
305,89|38|4|1|,1,0.236304,WORK
306,93|105|80|56|55|,1,8.48217,WORK
307,89|38|4|,1,21.1486,WORK
308,91|100|,1,0.0389096,WORK
309,89|99|24|12|15|26|29|,1,85.4073,WORK
310,93|105|111|66|69|146|141|149|,1,0,WORK
311,93|105|111|115|,1,0.0920907,WORK
312,93|103|34|37|,1,0.719678,WORK
313,93|84|76|75|,1,2.94235,WORK
314,93|84|,1,0.541491,WORK
315,93|,1,32.2623,WORK
316,89|38|18|21|32|31|,1,0.251268,WORK
317,93|105|111|113|118|117|123|127|,1,0.40461,WORK
318,93|105|111|,1,4.32135,WORK
319,93|105|111|115|137|172|162|159|,1,0.0810619,WORK
320,93|84|83|,1,0.761702,WORK
321,89|38|18|8|11|,1,0,WORK
322,89|38|4|1|7|,1,2.55875,WORK
323,93|105|111|66|69|146|145|,1,0.00013175,WORK
324,93|105|80|56|,1,3.40316,WORK
325,93|105|80|,1,10.6561,WORK
326,89|99|24|12|15|26|31|124|123|,1,0.0890171,WORK
327,93|105|111|66|69|166|156|,1,11.6817,WORK
328,89|99|24|,1,1.99426,WORK
329,89|97|,1,0.143846,WORK
330,93|105|111|115|137|172|,1,1.53702,WORK
331,89|,1,2.41122,WORK
332,89|99|,1,20.38,WORK
333,93|105|111|66|69|172|162|161|,1,0.331876,WORK
334,93|105|111|66|69|172|175|,1,0.22498,WORK
335,93|105|111|113|118|117|125|129|,1,0.20006,WORK
336,93|84|76|,1,10.6055,WORK
337,93|103|34|,1,0.196728,WORK
338,93|105|111|66|69|146|,1,1.32158,WORK
339,89|38|18|21|,1,0.0552347,WORK
340,93|105|111|66|69|146|143|,1,0,WORK
341,89|38|,1,0,WORK
342,93|105|111|66|69|,1,0.28145,WORK
343,90|93|107|24|12|15|26|10|9|,1,1.34454,WORK
344,100|94|78|73|56|59|170|173|166|,1,0.0655137,WORK
345,90|93|105|80|56|59|,1,0.0296165,WORK
346,100|94|78|46|,1,1.26387,WORK
347,90|93|103|,1,0,WORK
348,90|93|105|,1,0.0400129,WORK
349,90|,1,0.107148,WORK
350,100|94|78|73|56|53|63|,1,0.0958001,WORK
351,90|93|107|24|12|17|115|120|117|,1,0.392082,WORK
352,90|93|105|111|16|,1,0.0802621,WORK
353,100|94|78|46|45|,1,0.150748,WORK
354,90|89|38|4|1|,1,0.0209466,WORK
355,100|94|78|46|43|55|,1,0.649386,WORK
356,90|89|38|4|,1,0.211067,WORK
357,100|,1,0.0013379,WORK
358,90|93|107|24|12|15|26|29|,1,4.36833,WORK
359,100|94|78|73|56|59|170|173|146|141|149|,1,0,WORK
360,90|93|105|111|115|,1,0.0130679,WORK
361,90|93|103|34|37|,1,1.61549,WORK
362,100|94|78|75|,1,0.0433993,WORK
363,90|93|84|,1,0.133413,WORK
364,90|93|,1,1.81418,WORK
365,90|89|38|18|21|32|31|,1,0.0933478,WORK
366,90|93|107|24|12|17|115|120|117|123|127|,1,0.920485,WORK
367,90|93|105|111|,1,0.0958996,WORK
368,90|93|107|24|12|17|115|137|172|162|159|,1,0.0017731,WORK
369,100|94|,1,0.143198,WORK
370,90|89|38|18|8|11|,1,0,WORK
371,90|89|38|4|1|7|,1,0.265509,WORK
372,100|94|78|73|56|59|170|173|146|145|,1,0.00293165,WORK
373,100|94|78|46|43|,1,0.136726,WORK
374,90|93|105|80|,1,0.0725874,WORK
375,90|93|107|24|12|15|26|31|124|123|,1,0.190776,WORK
376,90|93|107|24|12|15|37|133|137|166|156|,1,0.584299,WORK
377,90|89|99|24|,1,0.0388782,WORK
378,90|89|97|,1,0.612511,WORK
379,90|93|107|24|12|17|66|69|172|,1,0.0382321,WORK
380,90|89|,1,1.5312,WORK
381,90|89|99|,1,0.0799153,WORK
382,90|93|107|24|12|17|66|69|172|162|161|,1,0.247004,WORK
383,90|93|107|24|12|17|115|137|172|175|,1,0.182262,WORK
384,90|93|107|24|12|17|115|120|117|125|129|,1,0.0733448,WORK
385,100|94|78|,1,0.031949,WORK
386,90|93|103|34|,1,0.079843,WORK
387,100|94|78|73|56|59|170|173|146|,1,0.0349809,WORK
388,90|89|38|18|21|,1,0.0278834,WORK
389,100|94|78|73|56|59|170|173|146|143|,1,0,WORK
390,90|89|38|,1,0,WORK
391,90|93|105|111|66|69|,1,0.0101873,WORK
392,71|170|173|146|141|138|134|20|,1,12.103,WORK
393,64|69|166|,1,1.79573,WORK
394,71|,1,1.59272,WORK
395,62|44|,1,33.2862,WORK
396,62|52|57|81|108|,1,0,WORK
397,62|44|49|81|,1,9.49202,WORK
398,62|52|57|81|104|92|,1,10.0816,WORK
399,62|52|57|72|79|95|101|,1,0.838513,WORK
400,71|170|173|136|132|118|117|,1,18.9929,WORK
401,64|67|16|,1,11.9042,WORK
402,62|,1,38.6727,WORK
403,62|52|57|81|111|16|2|1|,1,0.177358,WORK
404,64|,1,33.2651,WORK
405,62|52|57|81|104|107|98|38|4|,1,14.698,WORK
406,62|52|57|72|79|95|,1,0.0031042,WORK
407,71|170|173|136|132|118|,1,196.28,WORK
408,71|170|173|146|141|149|,1,0.00324275,WORK
409,64|67|115|,1,0.0092089,WORK
410,64|69|136|132|,1,11.8824,WORK
411,62|44|51|,1,0.703723,WORK
412,62|44|47|77|,1,8.17502,WORK
413,62|44|47|77|85|,1,11.657,WORK
414,71|170|162|159|154|153|148|130|,1,2.17524,WORK
415,62|52|57|81|111|113|118|117|123|127|,1,27.8558,WORK
416,64|67|,1,20.1205,WORK
417,71|170|162|159|,1,0.026282,WORK
418,62|44|47|79|,1,31.4645,WORK
419,71|170|173|146|141|138|134|32|,1,0,WORK
420,62|52|57|81|108|34|26|10|,1,16.6891,WORK
421,64|69|146|145|,1,0,WORK
422,62|52|,1,109.986,WORK
423,62|44|49|,1,12.7881,WORK
424,71|170|162|159|154|153|148|126|,1,0.0468214,WORK
425,64|69|166|156|,1,29.8652,WORK
426,64|67|16|13|,1,3.34578,WORK
427,62|52|57|81|104|107|98|97|,1,0.518514,WORK
428,64|69|172|,1,20.6727,WORK
429,62|52|57|81|104|107|98|,1,18.6736,WORK
430,62|52|57|81|104|107|,1,9.64384,WORK
431,71|170|162|161|,1,4.7195,WORK
432,64|69|172|175|,1,1.99913,WORK
433,64|69|146|141|138|,1,6.21679,WORK
434,62|44|47|,1,22.8278,WORK
435,64|67|16|15|,1,0.96194,WORK
436,64|69|146|,1,0.0515873,WORK
437,71|170|173|146|141|138|134|,1,0.0485681,WORK
438,64|69|146|143|,1,0,WORK
439,64|67|16|2|5|,1,0,WORK
440,64|69|,1,34.5016,WORK
441,116|28|10|9|,1,27.7647,WORK
442,116|121|137|166|,1,2.10441,WORK
443,116|121|137|172|171|,1,2.70174,WORK
444,116|121|114|66|54|42|,1,17.0951,WORK
445,116|121|114|110|108|,1,0,WORK
446,116|119|112|110|,1,5.70944,WORK
447,116|121|114|110|104|92|,1,9.72349,WORK
448,116|121|114|16|13|25|106|92|91|,1,0.874373,WORK
449,116|121|137|172|171|70|,1,10.3463,WORK
450,116|119|112|16|,1,3.10749,WORK
451,116|121|114|66|60|,1,13.2994,WORK
452,116|28|10|6|,1,1.68077,WORK
453,116|121|137|68|,1,18.8674,WORK
454,116|28|10|6|0|,1,6.50608,WORK
455,116|121|114|110|86|83|95|,1,0.668306,WORK
456,116|,1,29.1836,WORK
457,123|127|149|,1,0.0648431,WORK
458,116|121|,1,1.78396,WORK
459,116|119|,1,8.96902,WORK
460,116|121|114|110|80|48|51|,1,9.08245,WORK
461,116|121|114|110|86|,1,10.2053,WORK
462,116|121|114|16|13|25|106|,1,8.73113,WORK
463,125|,1,4.07046,WORK
464,123|127|,1,4.33091,WORK
465,116|119|112|,1,8.89395,WORK
466,125|131|149|152|155|,1,1.2908,WORK
467,116|121|114|110|80|72|79|,1,4.45909,WORK
468,116|28|,1,0,WORK
469,116|28|10|,1,29.7885,WORK
470,125|131|140|145|,1,0.0039236,WORK
471,116|121|137|172|171|58|,1,16.2365,WORK
472,116|121|114|110|80|,1,4.4951,WORK
473,123|,1,0.862154,WORK
474,116|121|137|166|156|,1,13.3521,WORK
475,116|121|114|16|13|,1,10.0155,WORK
476,116|28|33|20|19|41|,1,0.361216,WORK
477,116|121|137|172|,1,5.72693,WORK
478,116|28|33|20|19|39|,1,3.42602,WORK
479,116|121|114|110|104|107|,1,6.06838,WORK
480,116|121|137|172|162|161|,1,0.843815,WORK
481,116|121|137|172|175|,1,4.84175,WORK
482,125|129|,1,5.70687,WORK
483,116|121|137|68|60|44|47|,1,5.27627,WORK
484,116|28|27|,1,7.13241,WORK
485,123|127|140|,1,2.4698,WORK
486,116|28|33|,1,11.0908,WORK
487,125|131|140|143|,1,0.0804805,WORK
488,116|121|114|16|2|5|,1,0,WORK
489,116|121|137|,1,3.17397,WORK
490,2|5|18|,1,0.210513,WORK
491,17|66|69|166|,1,0.0886728,WORK
492,17|66|54|59|,1,0.111784,WORK
493,17|66|54|42|,1,1.83988,WORK
494,13|23|,1,0,WORK
495,17|110|,1,0.422229,WORK
496,2|5|39|88|,1,1.37174,WORK
497,2|5|39|88|91|,1,0.0311287,WORK
498,17|66|65|,1,0.207446,WORK
499,17|115|120|117|,1,2.17257,WORK
500,17|66|60|,1,0.936676,WORK
501,2|1|,1,0.0410822,WORK
502,17|66|,1,1.73994,WORK
503,2|,1,26.9271,WORK
504,17|110|86|83|95|,1,0.124979,WORK
505,15|26|29|,1,28.0447,WORK
506,17|115|137|146|141|149|,1,0.00324275,WORK
507,17|115|,1,0.0067745,WORK
508,15|37|,1,0.0787984,WORK
509,17|110|80|48|51|,1,0.0901638,WORK
510,17|110|86|,1,40.3631,WORK
511,17|110|104|,1,5.45141,WORK
512,15|26|31|,1,0.0718683,WORK
513,17|115|137|146|141|,1,3.54799,WORK
514,17|,1,0.255901,WORK
515,17|115|137|146|145|155|,1,0.0045169,WORK
516,17|110|80|72|79|,1,0.0924596,WORK
517,15|26|,1,0,WORK
518,2|1|7|,1,1.27669,WORK
519,17|66|69|146|145|,1,0,WORK
520,17|66|54|,1,10.6492,WORK
521,17|110|80|,1,0.231446,WORK
522,17|115|120|117|123|,1,0.036125,WORK
523,17|66|69|166|156|,1,30.8338,WORK
524,13|,1,0.928339,WORK
525,2|5|41|,1,0.0240984,WORK
526,17|115|137|172|,1,0.16953,WORK
527,2|5|39|,1,0.562604,WORK
528,13|25|,1,0.81662,WORK
529,17|115|137|172|162|161|,1,0.346569,WORK
530,17|115|137|172|175|,1,0.0831929,WORK
531,17|115|120|117|125|129|,1,0.253706,WORK
532,17|66|60|44|47|,1,4.10212,WORK
533,15|,1,0.214686,WORK
534,17|66|69|146|,1,0.107146,WORK
535,2|5|18|21|,1,0.152748,WORK
536,17|66|69|146|143|,1,9.35e-06,WORK
537,2|5|,1,0,WORK
538,17|66|69|,1,0.0675826,WORK
539,44|49|81|111|115|137|146|141|138|134|20|,1,10.0286,WORK
540,61|69|166|,1,26.5388,WORK
541,52|59|,1,12.1282,WORK
542,44|,1,17.3726,WORK
543,44|49|81|108|,1,0,WORK
544,44|49|81|,1,13.1256,WORK
545,44|49|81|104|92|,1,8.81806,WORK
546,44|47|79|95|101|,1,11.0404,WORK
547,63|,1,19.6603,WORK
548,44|49|81|108|34|26|31|124|,1,28.5452,WORK
549,61|67|16|,1,9.12063,WORK
550,44|49|81|108|34|26|10|6|,1,8.13024,WORK
551,61|,1,28.5117,WORK
552,44|49|81|104|107|98|38|4|,1,19.4355,WORK
553,44|47|79|95|,1,3.8838,WORK
555,61|69|146|141|149|,1,0.00017255,WORK
556,61|67|115|,1,0.014954,WORK
557,61|69|136|132|,1,15.8773,WORK
558,44|51|,1,2.26702,WORK
559,44|47|77|,1,28.9194,WORK
560,44|47|77|85|,1,14.7743,WORK
561,44|47|79|95|101|90|89|38|18|21|32|31|,1,3.54828,WORK
562,61|69|146|141|,1,15.0628,WORK
563,61|67|,1,18.9382,WORK
564,63|71|170|162|159|,1,0.00735845,WORK
565,44|47|79|,1,10.1888,WORK
566,63|71|170|173|146|141|138|134|32|,1,0,WORK
567,44|49|81|108|34|26|10|,1,18.3488,WORK
568,61|69|146|145|,1,2.465e-05,WORK
569,52|,1,65.0643,WORK
570,44|49|,1,5.79975,WORK
571,44|49|81|108|34|26|31|124|123|,1,8.3448,WORK
572,44|49|81|108|34|37|133|137|166|156|,1,30.8274,WORK
573,61|67|16|13|,1,20.2285,WORK
574,44|47|77|85|107|98|97|,1,6.91392,WORK
575,61|69|172|,1,6.39246,WORK
576,52|57|81|104|107|98|,1,16.0442,WORK
577,44|49|81|104|107|,1,2.41469,WORK
578,63|71|170|162|161|,1,0.236615,WORK
579,61|69|172|175|,1,7.47501,WORK
580,61|69|146|141|138|,1,8.64258,WORK
581,52|42|47|,1,13.9434,WORK
582,61|67|16|15|,1,3.69402,WORK
583,61|69|146|,1,3.01564,WORK
584,61|69|146|141|138|134|,1,0.500536,WORK
585,61|69|146|143|,1,0,WORK
586,61|67|16|2|5|,1,0,WORK
587,61|69|,1,2.64194,WORK
588,7|9|,1,0.50793,WORK
589,7|11|31|131|140|143|151|,1,0.00424405,WORK
590,0|3|17|110|80|56|59|,1,0.168511,WORK
591,7|11|31|131|140|147|68|54|42|,1,0.331939,WORK
592,0|3|13|23|,1,0,WORK
593,0|3|17|110|,1,0.0885198,WORK
594,0|5|39|88|,1,0.0776713,WORK
595,0|5|39|88|91|,1,0.00544085,WORK
596,0|3|17|110|80|56|53|63|,1,0.196552,WORK
597,7|11|29|117|,1,0.620481,WORK
598,0|3|,1,0.0544578,WORK
599,0|3|17|110|80|48|45|,1,0.143247,WORK
600,7|11|31|131|140|147|68|,1,0.841258,WORK
601,0|,1,0.228575,WORK
602,0|5|39|88|91|100|,1,0.0015334,WORK
603,7|11|29|,1,7.28699,WORK
604,7|11|31|131|149|,1,0,WORK
605,0|3|17|115|,1,0.00107525,WORK
606,0|3|15|37|,1,0.196998,WORK
607,0|3|17|110|80|48|51|,1,0.0125545,WORK
608,0|3|17|110|86|,1,0.0149727,WORK
609,0|5|39|99|106|,1,0.57219,WORK
610,7|11|31|,1,0.0156094,WORK
611,7|11|29|117|123|127|,1,2.51042,WORK
612,0|3|17|,1,0.68006,WORK
613,7|11|31|131|149|152|155|,1,0.0003468,WORK
614,0|5|39|88|91|100|94|,1,0.0623798,WORK
615,7|11|,1,0,WORK
616,7|,1,3.2434,WORK
617,7|11|31|131|140|145|,1,5.1e-06,WORK
618,7|11|31|131|140|147|172|171|58|,1,3.07109,WORK
619,0|3|17|110|80|,1,0.0437019,WORK
620,7|11|31|124|123|,1,0.0049572,WORK
621,7|11|31|131|140|147|166|156|,1,2.15,WORK
622,0|3|13|,1,0.0274337,WORK
623,0|5|41|,1,0.00674645,WORK
624,7|11|31|131|149|152|155|158|163|,1,0.137402,WORK
625,0|5|39|,1,0.0508904,WORK
626,0|3|13|25|,1,0.0350107,WORK
627,7|11|31|131|140|147|172|162|161|,1,0.00274975,WORK
628,7|11|31|131|140|147|172|175|,1,0.0422841,WORK
629,7|11|31|129|,1,0.059126,WORK
630,0|5|39|88|91|100|94|78|,1,0.0437418,WORK
631,0|3|15|,1,0.236988,WORK
632,7|11|31|131|140|,1,0.0568947,WORK
633,7|9|21|,1,0.00251175,WORK
634,7|11|31|131|140|143|,1,0.00580465,WORK
635,0|5|,1,0,WORK
636,0|3|17|66|69|,1,0.0200617,WORK
637,67|113|36|26|10|9|,1,1.21477,WORK
638,69|166|,1,0.367941,WORK
639,54|59|,1,0.863773,WORK
640,54|42|,1,8.53265,WORK
641,54|57|81|108|,1,0,WORK
642,67|110|,1,0.468149,WORK
643,67|110|104|92|,1,3.74879,WORK
644,54|42|47|79|95|101|,1,0.451995,WORK
645,65|,1,1.06784,WORK
646,54|57|81|108|34|26|31|124|,1,8.85591,WORK
647,67|16|,1,0.112964,WORK
648,60|,1,1.05845,WORK
649,69|146|141|130|30|10|6|,1,0.0051102,WORK
650,54|57|72|77|85|107|98|38|4|,1,13.0455,WORK
651,54|57|81|86|83|95|,1,0.0134173,WORK
653,69|146|141|149|,1,0,WORK
654,67|115|,1,0.0542784,WORK
655,54|57|72|77|87|108|34|37|,1,4.52363,WORK
656,54|42|51|,1,0.285606,WORK
657,54|42|47|77|,1,19.5911,WORK
658,54|57|72|77|85|,1,18.8551,WORK
659,67|113|36|26|31|,1,1.66753,WORK
660,54|57|81|111|115|137|146|141|,1,1.57276,WORK
661,54|57|72|77|85|103|34|14|17|,1,1.63505,WORK
662,69|146|145|155|,1,0.0826854,WORK
663,54|42|47|79|,1,0.263366,WORK
664,69|146|141|138|134|32|,1,0,WORK
665,54|57|72|77|85|107|98|38|4|1|7|,1,6.33068,WORK
666,69|146|145|,1,0.00026605,WORK
667,54|,1,37.9327,WORK
668,54|57|,1,2.26188,WORK
669,54|57|72|77|87|108|34|26|31|124|123|,1,8.61879,WORK
670,54|57|72|77|87|108|34|37|133|137|166|156|,1,18.2972,WORK
671,54|57|72|77|85|107|24|,1,1.55941,WORK
672,54|57|81|104|107|98|97|,1,0.0097274,WORK
673,54|57|72|77|87|108|34|26|33|135|139|149|152|155|158|163|,1,4.58514,WORK
674,54|57|72|77|85|107|98|,1,3.03827,WORK
675,54|57|72|77|85|107|,1,1.57956,WORK
676,69|166|156|161|,1,0.218685,WORK
677,67|115|137|172|175|,1,0.339489,WORK
678,67|115|120|117|125|129|,1,0.441721,WORK
679,54|42|47|,1,3.27046,WORK
680,69|136|132|36|,1,0.149258,WORK
681,54|59|170|173|146|,1,0.131847,WORK
682,54|57|72|77|87|111|115|137|146|141|138|134|,1,3.63075,WORK
683,69|146|143|,1,0.00145265,WORK
684,67|16|2|5|,1,0,WORK
685,54|57|81|108|34|37|133|137|,1,0.159258,WORK
686,5|18|,1,49.5754,WORK
687,1|7|11|33|135|139|140|143|151|,1,4.40366,WORK
688,3|17|110|80|56|59|,1,0.503127,WORK
689,1|7|11|33|135|139|140|147|68|54|42|,1,7.45747,WORK
690,3|13|23|,1,0,WORK
691,3|17|110|,1,6.20689,WORK
692,5|39|88|,1,8.353,WORK
693,5|39|88|91|,1,0.209413,WORK
694,5|39|99|106|105|80|56|53|63|,1,1.04573,WORK
695,1|7|11|31|124|,1,4.164,WORK
696,3|,1,5.73774,WORK
697,3|17|66|60|,1,7.84992,WORK
698,1|,1,4.27396,WORK
699,1|7|11|33|135|139|140|147|68|,1,3.45143,WORK
700,5|39|88|91|100|,1,0.0259403,WORK
701,5|18|21|135|128|124|116|,1,63.1148,WORK
702,1|7|11|31|131|149|,1,0.197135,WORK
703,3|17|115|,1,0.0161653,WORK
704,3|15|37|,1,17.2436,WORK
705,3|17|110|80|48|51|,1,0.212574,WORK
706,3|17|110|86|,1,1.43983,WORK
707,5|39|99|106|,1,8.15285,WORK
708,1|7|11|31|,1,0.257566,WORK
709,1|7|11|31|131|,1,5.12746,WORK
710,3|17|,1,1.3798,WORK
711,1|7|11|31|131|149|152|155|,1,0.0013362,WORK
712,5|39|88|91|100|94|,1,0.362896,WORK
713,1|7|11|,1,0,WORK
714,1|7|,1,8.0576,WORK
715,1|7|11|33|135|139|140|145|,1,4.25e-06,WORK
716,5|18|21|135|139|140|147|68|54|,1,25.5456,WORK
717,3|17|110|80|,1,2.063,WORK
718,1|7|11|31|124|123|,1,0.0460003,WORK
719,1|7|11|27|37|133|137|166|156|,1,7.11378,WORK
720,3|13|,1,15.0443,WORK
721,5|41|,1,0.0130823,WORK
722,1|7|11|33|135|139|149|152|155|158|163|,1,1.25743,WORK
723,5|39|,1,2.0917,WORK
724,3|13|25|,1,2.73234,WORK
725,1|7|11|33|135|139|140|147|172|162|161|,1,0.599861,WORK
726,1|7|11|33|135|139|140|147|172|175|,1,0.118071,WORK
727,1|7|11|31|129|,1,2.5682,WORK
728,5|39|88|91|100|94|78|,1,1.00311,WORK
729,3|15|,1,0.459396,WORK
730,1|7|11|31|131|140|,1,0.387589,WORK
731,1|7|9|21|,1,1.14461,WORK
732,1|7|11|33|135|139|140|143|,1,0.00657135,WORK
733,5|,1,0,WORK
734,3|15|37|133|137|,1,3.19587,WORK
735,101|90|89|38|18|,1,0.0880107,WORK
736,94|82|87|111|66|69|166|,1,0.00165325,WORK
737,94|78|73|56|59|,1,0.0132447,WORK
738,94|78|46|,1,0.162396,WORK
739,94|82|87|108|,1,0,WORK
740,94|82|87|,1,0.024695,WORK
741,101|90|,1,0.00305745,WORK
742,101|,1,0.0024429,WORK
743,94|82|87|80|56|53|63|,1,0.00888675,WORK
744,94|82|87|108|34|37|118|117|,1,0.629781,WORK
745,94|82|87|111|16|,1,0.0038998,WORK
746,94|78|46|45|,1,0.0601171,WORK
747,101|90|89|38|4|1|,1,0.0001139,WORK
748,94|82|87|80|56|55|,1,0.175219,WORK
749,101|90|89|38|4|,1,0.0355359,WORK
750,94|82|87|108|34|26|31|124|116|,1,1.79023,WORK
751,94|82|87|111|66|69|146|141|149|,1,0,WORK
752,94|82|87|111|115|,1,0,WORK
753,94|82|85|103|34|37|,1,0.00130985,WORK
754,94|78|75|,1,0.00029495,WORK
755,94|82|,1,1.03724,WORK
756,94|82|85|,1,0.64672,WORK
757,101|90|89|38|18|21|32|31|,1,0.0015776,WORK
758,94|82|87|111|113|118|117|123|127|,1,0.0496638,WORK
759,94|82|87|111|,1,0.0368755,WORK
760,94|82|87|111|66|69|172|162|159|,1,0,WORK
761,94|,1,0.0530562,WORK
762,101|90|89|38|18|8|11|,1,0,WORK
763,101|90|89|38|4|1|7|,1,0.526917,WORK
764,94|82|87|111|66|69|146|145|,1,0,WORK
765,94|78|46|43|,1,0.0017187,WORK
766,94|78|73|,1,0.00700995,WORK
767,94|82|87|111|115|120|117|123|,1,7.65e-06,WORK
768,94|82|87|111|115|137|166|156|,1,0.229499,WORK
769,94|82|85|107|24|,1,0.00069955,WORK
770,101|90|89|97|,1,0.046421,WORK
771,94|82|87|111|115|137|172|,1,0.0125401,WORK
772,101|90|89|,1,0.104577,WORK
773,94|82|85|107|,1,0.00167025,WORK
774,94|82|87|111|66|69|172|162|161|,1,0.0018088,WORK
775,94|82|87|111|66|69|172|175|,1,0.0042721,WORK
776,94|82|87|111|113|118|117|125|129|,1,0.0011254,WORK
777,94|78|,1,0.0133781,WORK
778,94|82|87|111|16|15|,1,0.0019108,WORK
779,94|82|87|111|66|69|146|,1,0.00206805,WORK
780,101|90|89|38|18|21|,1,0.0005355,WORK
781,94|82|87|111|66|69|146|143|,1,0,WORK
782,101|90|89|38|,1,0,WORK
783,94|82|87|111|66|69|,1,0.00176035,WORK
784,28|10|9|,1,110.207,WORK
785,121|137|166|,1,24.2409,WORK
786,121|137|172|171|,1,26.8283,WORK
787,119|36|35|109|80|48|,1,224.765,WORK
788,28|27|35|,1,0,WORK
789,121|114|110|,1,85.4881,WORK
790,119|112|110|104|92|,1,84.5966,WORK
791,28|27|14|13|25|106|92|91|,1,8.995,WORK
792,121|137|68|65|,1,53.2154,WORK
793,117|,1,20.6578,WORK
794,28|27|14|,1,46.6035,WORK
795,117|123|127|149|152|144|147|68|60|,1,138.038,WORK
796,28|10|6|,1,12.6339,WORK
797,28|10|6|0|3|17|66|,1,109.424,WORK
799,121|114|110|86|83|95|,1,4.5929,WORK
800,28|31|131|149|,1,0.260228,WORK
801,121|,1,10.3923,WORK
802,119|,1,53.3112,WORK
803,117|125|129|134|20|19|39|88|91|100|94|78|75|,1,30.5412,WORK
804,121|114|110|86|,0.5625,82.3498,WORK
804,28|27|35|109|86|,0.4375,64.0498,WORK
809,121|137|146|145|155|,1,10.6018,WORK
811,28|,1,0,WORK
812,117|125|30|10|,0.411386,44.4137,WORK
812,28|10|,0.338614,36.5571,WORK
812,119|36|14|2|1|7|,0.25,26.9903,WORK
813,121|137|146|145|,1,0.108336,WORK
817,119|133|137|166|156|,0.5625,72.2899,WORK
817,117|123|127|140|145|155|158|,0.4375,56.2255,WORK
819,28|10|9|19|41|,1,16.0812,WORK
823,117|123|127|140|147|172|162|161|,1,12.4644,WORK
827,121|132|36|,1,17.1536,WORK
830,119|133|137|146|143|,1,8.96139,WORK
831,28|33|20|19|,1,0,WORK
833,148|138|134|20|,1,0.0153799,WORK
834,148|140|143|151|,1,0.0070873,WORK
835,148|140|147|172|171|,1,0.0023307,WORK
836,148|140|147|68|54|42|,1,0.108668,WORK
837,148|140|147|68|67|110|108|,1,0,WORK
838,148|140|147|136|114|110|,1,5.695e-05,WORK
839,148|140|147|68|67|110|104|92|,1,6.205e-05,WORK
840,148|140|147|172|171|58|57|72|79|95|101|,1,0,WORK
841,152|155|158|163|171|70|,1,0.00761855,WORK
842,148|126|122|,1,0.00365075,WORK
843,148|140|147|136|114|16|,1,3.4e-05,WORK
844,148|140|147|68|60|,1,0.00712385,WORK
845,148|130|30|10|6|,1,0,WORK
846,148|140|147|68|,1,0.0897923,WORK
847,148|130|30|10|6|0|,1,0.129357,WORK
848,148|140|147|68|67|110|86|83|95|,1,0,WORK
849,148|130|30|29|,1,0.34972,WORK
850,148|140|147|136|,1,0,WORK
851,148|140|147|136|132|,1,0.0026571,WORK
852,148|140|147|68|67|110|80|48|51|,1,1.7e-06,WORK
853,148|140|147|68|67|110|86|,1,1.275e-05,WORK
854,148|138|134|20|19|39|99|106|,1,0.336326,WORK
855,148|130|,1,0.0163013,WORK
856,148|,1,0.0164696,WORK
857,148|140|147|136|114|,1,0.0077163,WORK
858,152|155|,1,0,WORK
859,148|140|147|172|171|58|57|72|79|,1,0.0115388,WORK
860,148|130|30|,1,0,WORK
861,148|130|30|10|,1,0.0437061,WORK
862,152|,1,0,WORK
863,152|155|158|163|171|58|,1,0.00320705,WORK
864,148|140|147|68|67|110|80|,1,0.0001819,WORK
865,148|126|,1,4.25e-06,WORK
866,152|155|158|,1,0.00572305,WORK
867,148|140|147|68|67|16|13|,1,0.001105,WORK
868,148|138|134|20|19|41|,1,0,WORK
869,152|155|158|163|,1,0.009928,WORK
870,148|138|134|20|19|39|,1,7.735e-05,WORK
871,148|140|147|68|67|110|104|107|,1,0.0008126,WORK
872,152|155|158|161|,1,0,WORK
873,152|155|158|165|,1,0.0120232,WORK
874,148|138|,1,0.0008177,WORK
875,148|140|147|68|60|44|47|,1,0.00363715,WORK
876,148|140|147|136|132|36|,1,0.00025585,WORK
877,148|140|,1,0.0729631,WORK
878,148|138|134|,1,0.0179027,WORK
879,148|140|143|,1,0,WORK
880,148|140|147|68|67|16|2|5|,1,0,WORK
881,148|140|147|,1,3.825e-05,WORK
882,120|28|10|9|,1,0.0326663,WORK
883,137|166|,1,0.0021097,WORK
884,114|66|54|59|,1,0.0018105,WORK
885,114|66|54|42|,1,0.0138134,WORK
886,114|110|108|,1,0,WORK
887,114|110|,1,0.0270393,WORK
888,114|110|104|92|,1,0.00580975,WORK
889,114|110|104|92|91|,1,0.000476,WORK
890,114|66|65|,1,0.0354153,WORK
891,120|117|,1,0.0802417,WORK
892,114|16|,1,0.0576606,WORK
893,114|66|60|,1,0.0066895,WORK
894,114|16|2|1|,1,0.0094707,WORK
895,114|66|,1,1.99266,WORK
896,114|16|2|,1,0.0178211,WORK
897,114|110|86|83|95|,1,0,WORK
898,137|146|141|126|122|116|,1,3.17987,WORK
899,137|146|141|149|,1,0,WORK
900,132|,1,0.240937,WORK
901,114|110|80|48|51|,1,0.0127976,WORK
902,114|110|86|,1,0.103752,WORK
903,114|110|104|,1,0.041134,WORK
904,120|28|31|,1,0.0664947,WORK
905,137|146|141|,1,0.0308031,WORK
906,114|,1,0.0169805,WORK
907,137|146|145|155|,1,0,WORK
908,114|110|80|72|79|,1,0.0118192,WORK
909,120|28|,1,0,WORK
910,120|28|10|,1,0.0776857,WORK
911,137|146|145|,1,0,WORK
912,114|66|54|,1,0.0871989,WORK
913,114|110|80|,1,0.0284682,WORK
914,120|117|123|,1,0.008585,WORK
915,137|166|156|,1,0.0361709,WORK
916,114|16|13|,1,0.0497386,WORK
917,114|110|104|107|98|97|,1,0,WORK
918,137|172|,1,0.0377443,WORK
919,114|110|104|107|98|,1,0.036567,WORK
920,114|16|13|25|,1,0.0181407,WORK
921,137|166|156|161|,1,0.00532865,WORK
922,137|166|156|165|,1,0.0042704,WORK
923,137|146|141|138|,1,0.0094554,WORK
924,114|110|80|72|,1,0.00769845,WORK
925,132|36|,1,0.007701,WORK
926,137|146|,1,2.38811,WORK
927,137|146|141|138|134|,1,0.0063767,WORK
928,137|146|143|,1,0,WORK
929,114|16|2|5|,1,0,WORK
930,137|,1,0.00191165,WORK
931,36|26|10|9|,1,0.377495,WORK
932,133|137|166|,1,0.113505,WORK
933,133|137|172|171|,1,0.198123,WORK
934,133|137|68|54|42|,1,1.65473,WORK
935,36|35|,1,0,WORK
936,112|110|,1,0.636555,WORK
937,36|35|102|92|,1,0.0776067,WORK
938,36|35|102|92|91|,1,0.060786,WORK
939,133|137|68|65|,1,0.111579,WORK
940,36|26|31|124|,1,3.53687,WORK
941,36|14|,1,0.164331,WORK
942,112|66|60|,1,1.58383,WORK
943,36|14|2|1|,1,0.019601,WORK
944,112|66|,1,2.20294,WORK
945,36|14|2|,1,1.49479,WORK
946,36|35|102|84|83|95|,1,0.0130823,WORK
948,133|137|146|141|149|,1,0.00324275,WORK
949,133|,1,0.284747,WORK
950,36|35|109|80|48|51|,1,0.0523209,WORK
951,36|35|109|86|,1,2.53665,WORK
952,36|35|102|,1,0.368506,WORK
953,36|26|31|,1,0.22393,WORK
954,133|137|146|141|,1,8.77059,WORK
955,112|,1,0.380631,WORK
956,133|137|146|145|155|,1,0.0014025,WORK
957,36|35|109|80|72|79|,1,0.224177,WORK
958,36|26|,1,0,WORK
959,36|26|10|,1,1.60617,WORK
960,133|137|146|145|,1,0.00324275,WORK
961,133|137|68|54|,1,10.2798,WORK
962,36|35|109|80|,1,0.120068,WORK
963,36|26|31|124|123|,1,0.743577,WORK
964,133|137|166|156|,1,0.580009,WORK
965,36|14|13|,1,0.347455,WORK
966,36|35|22|25|98|97|,1,0.0637432,WORK
967,133|137|172|,1,0.11791,WORK
968,36|35|22|25|98|,1,0.212374,WORK
969,36|14|13|25|,1,0.197274,WORK
970,133|137|172|162|161|,1,0.140642,WORK
971,133|137|172|175|,1,0.558927,WORK
972,36|26|31|129|,1,0.600594,WORK
973,133|137|68|60|44|47|,1,0.189207,WORK
974,36|,1,0.554843,WORK
975,133|137|146|,1,10.6094,WORK
976,36|26|33|,1,3.01742,WORK
977,133|137|146|143|,1,0.0006936,WORK
978,36|14|2|5|,1,0,WORK
979,133|137|,1,0.132943,WORK
980,50|49|81|108|34|26|10|9|,1,0.207612,WORK
981,50|49|81|111|66|69|166|,1,0.0523243,WORK
982,50|43|59|,1,0.0800658,WORK
983,50|,1,10.3227,WORK
984,50|49|81|108|,1,0,WORK
985,50|49|81|,1,0.082348,WORK
986,74|77|85|92|,1,0.0819774,WORK
987,74|79|95|101|,1,0.00818635,WORK
988,50|45|63|,1,0.0385883,WORK
989,74|79|95|101|90|89|38|18|21|135|128|124|,1,2.52895,WORK
990,50|49|81|111|16|,1,0.0312562,WORK
991,50|45|,1,0.143888,WORK
992,50|49|81|111|16|2|1|,1,0.0061472,WORK
993,50|45|61|,1,1.01306,WORK
994,50|49|81|108|34|26|10|6|0|,1,0.0620899,WORK
995,74|79|95|,1,0.00060095,WORK
997,50|49|81|111|66|69|146|141|149|,1,0,WORK
998,50|49|81|111|115|,1,0.00055335,WORK
999,74|77|87|108|34|37|,1,1.14342,WORK
1000,74|77|,1,0.0868972,WORK
1001,74|77|85|,1,0.539427,WORK
1002,50|49|81|111|115|120|28|31|,1,0.0191199,WORK
1003,74|77|87|108|34|26|29|117|123|127|,1,0.704772,WORK
1004,74|77|85|103|34|14|17|,1,0.305531,WORK
1005,50|49|81|111|66|69|172|162|159|,1,0,WORK
1006,74|79|,1,0.065025,WORK
1007,50|49|81|111|115|120|28|,1,0,WORK
1008,74|79|95|101|90|89|38|4|1|7|,1,3.31283,WORK
1009,50|49|81|111|66|69|146|145|,1,2.55e-06,WORK
1010,50|45|52|,1,9.38687,WORK
1011,50|49|,1,0.125916,WORK
1012,50|49|81|111|115|120|117|123|,1,0.00384455,WORK
1013,74|79|95|101|90|93|103|34|37|133|137|166|156|,1,38.9118,WORK
1014,74|77|85|107|24|,1,0.0791494,WORK
1015,50|49|81|104|107|98|97|,1,0.0184169,WORK
1016,50|49|81|108|34|37|133|137|172|,1,0.0779085,WORK
1017,74|77|85|107|98|,1,1.36227,WORK
1018,74|77|85|107|,1,0.0213384,WORK
1019,74|77|87|108|34|37|133|137|172|162|161|,1,0.298577,WORK
1020,74|77|87|108|34|37|133|137|172|175|,1,0.149478,WORK
1021,74|77|87|108|34|37|118|117|125|129|,1,0.25737,WORK
1022,74|,1,3.99577,WORK
1023,50|49|81|111|16|15|,1,0.0122782,WORK
1024,74|77|87|108|34|37|133|137|146|,1,0.231808,WORK
1025,50|49|81|111|115|137|146|141|138|134|,1,0.0112404,WORK
1026,50|49|81|111|66|69|146|143|,1,8.67e-05,WORK
1027,50|49|81|111|16|2|5|,1,0,WORK
1028,50|49|81|108|34|37|133|137|,1,0.0887451,WORK
1029,87|108|34|14|2|1|7|9|,1,20.6154,WORK
1030,87|108|34|37|133|137|166|,1,0.372781,WORK
1031,76|46|43|59|,1,0.113772,WORK
1032,76|46|,1,32.8055,WORK
1033,85|103|,1,0,WORK
1034,87|,1,1.72195,WORK
1035,85|92|,1,15.1164,WORK
1036,85|92|91|,1,0.925007,WORK
1037,76|46|45|63|,1,0.399249,WORK
1038,87|108|34|26|31|124|,1,2.64988,WORK
1039,87|108|22|12|,1,4.70187,WORK
1040,76|46|45|,1,1.64973,WORK
1041,87|108|34|26|10|6|,1,0.066096,WORK
1042,76|73|56|55|,1,5.69754,WORK
1043,87|108|34|26|10|6|0|,1,0.38972,WORK
1044,83|95|,1,0.108572,WORK
1046,87|111|66|69|146|141|149|,1,0,WORK
1047,87|111|115|,1,0.0061387,WORK
1048,87|108|34|37|,1,1.05297,WORK
1049,76|75|,1,0.252505,WORK
1050,85|,1,22.7518,WORK
1051,87|108|34|26|31|,1,0.172767,WORK
1052,87|108|34|26|31|131|,1,21.2881,WORK
1053,87|108|34|14|17|,1,5.63507,WORK
1054,76|73|56|59|170|162|159|,1,0.0112073,WORK
1055,83|,1,3.02651,WORK
1056,87|108|34|26|,1,0,WORK
1057,87|108|22|12|2|1|7|,1,28.2141,WORK
1058,76|73|56|55|69|146|145|,1,0.0011934,WORK
1059,76|73|56|,1,2.64002,WORK
1060,76|73|,1,0.370523,WORK
1061,87|108|34|26|31|124|123|,1,1.32378,WORK
1062,87|108|34|26|31|131|140|147|166|156|,1,15.4074,WORK
1063,87|108|22|,1,0.43016,WORK
1064,87|108|22|25|98|97|,1,0.172107,WORK
1065,87|108|34|37|133|137|172|,1,2.08265,WORK
1066,85|107|98|,1,2.36565,WORK
1067,85|107|,1,0.380746,WORK
1068,87|108|34|37|133|137|172|162|161|,1,0.261254,WORK
1069,87|108|34|37|133|137|172|175|,1,0.124784,WORK
1070,87|108|34|26|31|129|,1,3.98814,WORK
1071,76|,1,5.85619,WORK
1072,87|108|34|,1,0.111516,WORK
1073,87|108|34|37|133|137|146|,1,0.819973,WORK
1074,87|108|34|26|33|,1,2.46945,WORK
1075,76|73|56|59|170|173|146|143|,1,0.0288533,WORK
1076,87|111|16|2|5|,1,0,WORK
1077,87|108|34|37|133|137|,1,0.201929,WORK
1078,107|98|38|18|,1,10.8484,WORK
1079,107|24|12|17|115|137|166|,1,4.76549,WORK
1080,84|76|73|56|59|,1,6.58867,WORK
1081,84|76|46|,1,38.6828,WORK
1082,103|,1,0,WORK
1083,105|,1,21.0779,WORK
1084,92|,1,15.8587,WORK
1085,92|91|,1,5.00873,WORK
1086,84|76|73|56|53|63|,1,10.1594,WORK
1087,107|98|38|18|21|135|128|124|,1,5.80229,WORK
1088,107|24|12|,1,9.94711,WORK
1089,84|76|46|45|,1,15.6729,WORK
1090,107|98|38|4|1|,1,1.14304,WORK
1091,107|24|12|17|66|,1,7.57132,WORK
1092,107|98|38|4|,1,17.4071,WORK
1093,84|83|95|,1,0.689486,WORK
1095,107|98|38|18|21|135|139|149|,1,0.0407889,WORK
1096,107|24|12|17|115|,1,0.611314,WORK
1097,103|34|37|,1,11.197,WORK
1098,84|76|75|,1,9.92093,WORK
1099,84|,1,61.9845,WORK
1100,107|98|38|18|21|32|31|,1,5.63871,WORK
1101,107|98|38|18|21|135|139|,1,21.4388,WORK
1102,107|24|12|17|,1,9.16794,WORK
1103,107|98|38|18|21|135|139|149|152|155|,1,0.889669,WORK
1104,84|83|,1,1.81404,WORK
1105,107|98|38|18|8|11|,1,0,WORK
1106,107|98|38|18|8|,1,17.106,WORK
1107,84|76|73|56|59|170|173|146|145|,1,0.00452795,WORK
1108,84|76|46|45|52|,1,10.5536,WORK
1109,105|80|,1,4.42438,WORK
1110,107|98|38|18|21|32|31|124|123|,1,2.07597,WORK
1111,107|24|12|15|26|31|131|140|147|166|156|,1,16.6591,WORK
1112,103|22|,1,4.39013,WORK
1113,107|98|97|,1,0.430545,WORK
1114,107|98|38|18|21|135|139|149|152|155|158|163|,1,6.96138,WORK
1115,92|89|,1,4.45516,WORK
1116,107|,1,7.49436,WORK
1117,107|24|12|17|115|137|172|162|161|,1,2.46012,WORK
1118,107|98|38|18|21|135|139|140|147|172|175|,1,6.31085,WORK
1119,107|24|12|15|26|31|129|,1,5.946,WORK
1120,84|76|,1,9.43194,WORK
1121,103|34|,1,6.63558,WORK
1122,107|24|12|15|26|31|131|140|,1,3.82962,WORK
1123,107|24|12|15|26|33|,1,3.03434,WORK
1124,107|24|12|17|115|137|146|143|,1,0.0548581,WORK
1125,107|98|38|,1,0,WORK
1126,103|34|26|31|131|140|147|,1,12.2152,WORK
1127,30|33|20|,1,11.1669,WORK
1128,131|140|143|151|,1,2.95795,WORK
1129,131|149|152|155|158|163|171|,1,1.78089,WORK
1130,131|140|147|68|54|42|,1,8.96221,WORK
1131,30|27|35|,1,0,WORK
1132,131|140|147|136|114|110|,1,3.50443,WORK
1133,30|33|20|19|39|88|,1,2.19703,WORK
1134,30|33|20|19|39|88|91|,1,0.58485,WORK
1135,131|149|152|155|158|163|171|70|,1,2.92918,WORK
1136,124|,1,7.88771,WORK
1137,30|27|14|,1,2.75254,WORK
1138,131|140|147|68|60|,1,7.13612,WORK
1139,30|10|6|,1,0.366402,WORK
1140,131|140|147|68|,1,5.25494,WORK
1141,30|10|6|0|,1,1.93694,WORK
1142,30|33|20|19|39|88|91|100|,1,0.0374765,WORK
1144,131|149|,1,0.0713345,WORK
1145,131|140|147|136|,1,3.02424,WORK
1146,30|27|37|,1,1.26493,WORK
1147,30|29|121|114|110|80|48|51|,1,0.0399041,WORK
1148,30|27|35|109|86|,1,10.0192,WORK
1149,30|33|20|19|39|99|106|,1,3.97853,WORK
1150,131|,1,5.08125,WORK
1151,30|27|14|17|,1,11.2119,WORK
1152,131|140|145|155|,1,0.00324275,WORK
1153,30|33|20|19|39|88|91|100|94|,1,1.96978,WORK
1154,30|,1,0,WORK
1155,30|27|14|2|1|7|,1,8.5589,WORK
1156,131|140|145|,1,0,WORK
1157,131|140|147|172|171|58|,1,2.45494,WORK
1158,30|27|35|109|80|,1,2.04983,WORK
1159,124|123|,1,3.51669,WORK
1160,131|140|147|166|156|,1,3.05771,WORK
1161,30|27|14|13|,1,1.74156,WORK
1162,30|33|20|19|41|,1,0.697248,WORK
1163,131|149|152|155|158|163|,1,1.07991,WORK
1164,30|33|20|19|39|,1,1.91049,WORK
1165,30|27|35|22|25|,1,0.284023,WORK
1166,131|149|152|155|158|161|,1,0.577164,WORK
1167,131|149|152|155|158|165|,1,0.891761,WORK
1168,129|,1,1.15748,WORK
1169,30|33|20|19|39|88|91|100|94|78|,1,0.0993284,WORK
1170,30|27|,1,0.0826081,WORK
1171,131|149|152|144|,1,36.4915,WORK
1172,30|33|,1,1.73655,WORK
1173,131|140|143|,1,0.765868,WORK
1174,30|33|20|19|,1,0,WORK
1175,131|140|147|,1,1.66262,WORK
1176,138|134|20|,1,9.49009,WORK
1177,140|143|151|,1,25.9512,WORK
1178,149|152|155|158|163|171|,1,2.10202,WORK
1179,149|152|155|158|163|171|58|42|,1,14.4299,WORK
1180,126|122|116|119|112|110|108|,1,0,WORK
1181,140|147|136|114|110|,1,2.56317,WORK
1182,140|147|136|114|110|104|92|,1,3.51828,WORK
1183,126|122|116|121|114|16|13|25|106|92|91|,1,0.0686885,WORK
1184,149|152|155|158|163|171|70|,1,1.46081,WORK
1185,126|122|,1,1.5279,WORK
1186,138|134|20|19|4|3|,1,13.2396,WORK
1187,149|152|144|147|68|60|,1,5.10425,WORK
1188,130|30|10|6|,1,3.58628,WORK
1189,149|152|155|158|163|173|68|,1,9.75351,WORK
1190,138|134|20|19|4|,1,4.36369,WORK
1191,126|122|116|121|114|110|86|83|95|,1,0.0714382,WORK
1193,149|,1,0.0068935,WORK
1194,126|122|116|121|,1,0.0584256,WORK
1195,149|152|155|158|163|173|136|132|,1,4.36507,WORK
1196,149|152|155|158|157|167|136|114|110|80|48|51|,1,2.15584,WORK
1197,138|134|32|27|35|109|86|,1,17.9773,WORK
1198,138|134|20|19|39|99|106|,1,3.31138,WORK
1199,130|,1,10.5774,WORK
1200,138|134|32|27|14|17|,1,11.275,WORK
1201,149|152|155|,1,0.12559,WORK
1202,126|122|116|119|112|110|80|72|79|,1,0.707847,WORK
1203,130|30|,1,0,WORK
1204,138|134|20|19|4|1|7|,1,13.4473,WORK
1205,149|152|,1,0.0421523,WORK
1206,149|152|155|158|163|171|58|,1,2.44722,WORK
1207,126|122|116|28|27|35|109|80|,1,1.24419,WORK
1208,126|,1,1.5751,WORK
1209,149|152|155|158|,1,35.8271,WORK
1210,149|152|155|158|157|167|136|114|16|13|,1,3.01914,WORK
1211,126|122|116|28|33|20|19|41|,1,0.0356677,WORK
1212,149|152|155|158|163|,1,13.164,WORK
1213,138|134|20|19|39|,1,1.7832,WORK
1214,130|30|27|35|22|25|,1,2.40416,WORK
1215,149|152|155|158|161|,1,0.996066,WORK
1216,149|152|155|158|165|,1,2.31602,WORK
1217,138|,1,14.9272,WORK
1218,149|152|155|158|163|171|58|42|47|,1,7.89713,WORK
1219,138|134|32|27|,1,7.258,WORK
1220,149|152|144|,1,3.11162,WORK
1221,138|134|,1,0.559771,WORK
1222,149|152|144|143|,1,0.0185062,WORK
1223,126|122|116|119|112|16|2|5|,1,0,WORK
1224,149|152|155|158|157|167|,1,1.30017,WORK
1225,16|15|26|33|20|,1,1.85017,WORK
1226,16|15|26|31|131|149|152|144|143|151|,1,2.14349,WORK
1227,66|54|59|,1,2.61816,WORK
1228,66|54|42|,1,15.072,WORK
1229,110|108|,1,0,WORK
1230,110|,1,33.3052,WORK
1231,110|104|92|,1,6.20991,WORK
1232,16|15|35|102|92|91|,1,1.82439,WORK
1233,66|65|,1,6.99503,WORK
1234,16|15|26|31|124|,1,16.946,WORK
1235,16|,1,4.8529,WORK
1236,66|60|,1,14.3118,WORK
1237,16|2|1|,1,4.7011,WORK
1238,66|,1,19.3131,WORK
1239,16|2|,1,5.41184,WORK
1240,110|86|83|95|,1,0.263654,WORK
1242,115|137|146|141|149|,1,0.288314,WORK
1243,115|,1,0.95916,WORK
1244,113|,1,5.6309,WORK
1245,110|80|48|51|,1,6.52168,WORK
1246,110|86|,1,10.5689,WORK
1247,16|13|25|106|,1,81.4074,WORK
1248,16|15|26|31|,1,1.0049,WORK
1249,16|15|26|31|131|,1,17.8938,WORK
1250,115|137|146|145|155|,1,0.0824653,WORK
1251,16|13|25|98|88|91|100|94|,1,8.75895,WORK
1252,16|15|26|,1,0,WORK
1253,16|2|1|7|,1,10.0064,WORK
1254,115|137|146|145|,1,0.0097274,WORK
1255,66|54|,1,24.6268,WORK
1256,16|15|35|102|84|76|73|,1,12.1931,WORK
1257,16|15|26|31|124|123|,1,7.69847,WORK
1258,66|69|166|156|,1,30.9196,WORK
1259,16|13|,1,6.56573,WORK
1260,16|2|5|41|,1,0.0590266,WORK
1261,16|15|26|31|131|149|152|155|158|163|,1,3.11263,WORK
1262,16|2|5|39|,1,18.7733,WORK
1263,16|13|25|,1,16.7253,WORK
1264,115|137|172|162|161|,1,0.333813,WORK
1265,66|69|172|175|,1,7.70596,WORK
1266,16|15|26|31|129|,1,5.78778,WORK
1267,16|15|35|102|84|76|,1,16.1972,WORK
1268,16|15|,1,3.79494,WORK
1269,115|137|146|,1,4.59844,WORK
1270,16|15|26|33|,1,8.09712,WORK
1271,115|137|146|143|,1,0,WORK
1272,16|2|5|,1,0,WORK
1273,16|13|25|98|38|18|8|11|31|131|149|152|155|158|157|167|,1,1.62419,WORK
1274,154|153|148|138|134|20|,1,0.0039338,WORK
1275,158|157|,1,0.014444,WORK
1276,158|163|171|,1,0.00015045,WORK
1277,158|163|171|58|42|,1,0.0446403,WORK
1278,158|163|173|136|114|110|108|,1,0,WORK
1279,158|163|173|136|114|110|,1,0.0159656,WORK
1280,158|163|173|68|67|110|104|92|,1,0.001003,WORK
1281,158|163|173|136|114|16|13|25|106|92|91|,1,4.76e-05,WORK
1282,158|163|171|70|,1,0.0273998,WORK
1283,154|153|148|130|124|,1,0.412759,WORK
1284,158|163|173|136|114|16|,1,0.0137904,WORK
1285,158|163|171|70|62|,1,0.0060435,WORK
1286,154|153|148|130|30|10|6|,1,0.00164475,WORK
1287,154|144|147|68|,1,0.0433797,WORK
1288,154|153|148|130|30|10|6|0|,1,0.0049708,WORK
1289,158|163|173|68|67|110|86|83|95|,1,0,WORK
1290,154|153|148|126|122|116|,1,2.05814,WORK
1291,154|153|,1,0,WORK
1292,154|144|147|136|,1,0,WORK
1293,154|144|147|136|132|,1,0.00887315,WORK
1294,158|163|173|68|67|110|80|48|51|,1,8.84e-05,WORK
1295,158|163|173|136|114|110|86|,1,0.00412165,WORK
1296,154|153|148|138|134|20|19|39|99|106|,1,0.0135048,WORK
1297,154|144|141|130|,1,5.61e-05,WORK
1298,154|144|141|,1,0.0593198,WORK
1299,154|144|147|136|114|,1,0.00093415,WORK
1300,158|163|173|68|67|110|80|72|79|,1,0.0045203,WORK
1301,154|153|148|138|134|32|,1,0,WORK
1302,154|153|148|130|30|10|,1,0.119496,WORK
1303,154|,1,0,WORK
1304,158|163|171|58|,1,0.120901,WORK
1305,158|163|173|136|114|110|80|,1,0.0151844,WORK
1306,154|144|141|126|,1,8.5e-07,WORK
1307,158|,1,0.853948,WORK
1308,158|163|173|136|114|16|13|,1,0.0444907,WORK
1309,154|153|148|138|134|20|19|41|,1,0,WORK
1310,158|163|,1,0.152766,WORK
1311,154|153|148|138|134|20|19|39|,1,1.03052,WORK
1312,158|163|173|68|67|110|104|107|,1,0.0107534,WORK
1313,158|161|,1,0.00269875,WORK
1314,158|165|,1,0.0420342,WORK
1315,154|144|141|138|,1,0.00033745,WORK
1316,158|163|171|70|62|44|47|,1,0.119825,WORK
1317,158|163|173|136|132|36|,1,8.5e-07,WORK
1318,154|144|,1,0.0343868,WORK
1319,154|153|148|138|134|,1,3.4e-06,WORK
1320,154|144|143|,1,0,WORK
1321,158|163|173|136|114|16|2|5|,1,0,WORK
1322,154|144|147|,1,0.0006732,WORK
1323,95|101|90|93|107|24|12|15|26|10|9|,1,0.111045,WORK
1324,95|101|90|93|107|24|12|15|37|133|137|166|,1,0.150495,WORK
1325,78|46|43|59|,1,0.0648949,WORK
1326,78|46|,1,1.26523,WORK
1327,78|73|81|108|,1,0,WORK
1328,82|87|,1,0.243966,WORK
1329,95|101|90|,1,0.615425,WORK
1330,95|101|,1,0.0541603,WORK
1331,78|46|45|63|,1,0.542378,WORK
1332,95|101|90|93|107|24|12|15|26|31|124|,1,0.641596,WORK
1333,95|101|90|89|38|4|3|,1,0.157767,WORK
1334,78|46|45|,1,0.215115,WORK
1335,95|101|90|89|38|4|1|,1,0.968336,WORK
1336,78|73|56|55|,1,0.929414,WORK
1337,95|101|90|89|38|4|,1,0.506248,WORK
1338,95|,1,0.0785842,WORK
1340,78|73|81|111|66|69|146|141|149|,1,0.00063325,WORK
1341,78|73|56|55|67|115|,1,0.0226976,WORK
1342,82|87|108|34|37|,1,0.814665,WORK
1343,78|75|,1,0.0277754,WORK
1344,82|,1,1.21628,WORK
1345,82|85|,1,5.74472,WORK
1346,95|101|90|89|38|18|21|32|31|,1,0.11673,WORK
1347,95|101|90|89|38|18|21|135|139|,1,0.953162,WORK
1348,95|101|90|93|103|34|14|17|,1,1.43965,WORK
1349,78|73|81|108|34|26|33|135|139|149|152|155|,1,0.0023256,WORK
1350,95|101|90|89|38|18|8|11|,1,0,WORK
1351,95|101|90|93|107|24|12|2|1|7|,1,0.560159,WORK
1352,78|73|56|59|170|173|146|145|,1,5.95e-06,WORK
1353,78|46|43|,1,0.328487,WORK
1354,78|73|,1,0.511292,WORK
1355,95|101|90|89|38|18|21|32|31|124|123|,1,0.0571761,WORK
1356,78|73|56|55|69|172|162|,1,1.42733,WORK
1357,82|85|107|24|,1,0.352091,WORK
1358,95|101|90|89|97|,1,0.0129701,WORK
1359,95|101|90|93|107|24|12|15|26|31|131|149|152|155|158|163|,1,0.146013,WORK
1360,95|101|90|89|,1,1.11764,WORK
1361,82|85|107|,1,0.809216,WORK
1362,95|101|90|93|107|24|12|15|26|31|131|149|152|155|158|161|,1,0.136457,WORK
1363,95|101|90|93|107|24|12|17|113|118|117|125|131|149|152|155|158|165|,1,0.106728,WORK
1364,78|73|81|108|34|26|31|129|,1,1.39751,WORK
1365,78|,1,0.650003,WORK
1366,95|101|90|93|103|34|,1,0.179746,WORK
1367,95|101|90|93|107|24|12|2|1|7|11|33|135|139|149|152|144|,1,0.167883,WORK
1368,95|101|90|89|38|18|21|,1,0.20298,WORK
1369,78|73|56|59|170|173|146|143|,1,0.00016235,WORK
1370,78|73|81|111|16|2|5|,1,0,WORK
1371,95|101|90|93|107|24|12|2|1|7|11|31|131|149|152|144|147|,1,0.217247,WORK
1372,10|9|,1,0,WORK
1373,33|135|139|140|143|151|,1,0,WORK
1374,27|35|109|80|56|59|,1,0,WORK
1375,33|135|139|140|147|68|54|42|,1,0,WORK
1376,27|35|,1,0,WORK
1377,29|121|114|110|,1,0,WORK
1378,10|9|19|39|88|,1,0,WORK
1379,10|9|19|39|88|91|,1,0,WORK
1380,33|135|139|140|147|172|171|70|,1,0,WORK
1381,29|117|,1,0,WORK
1382,27|14|,1,0,WORK
1383,33|135|139|140|147|172|171|70|62|,1,0,WORK
1384,10|6|,1,0,WORK
1385,33|135|139|140|147|68|,1,0,WORK
1386,10|6|0|,1,0,WORK
1387,10|9|19|39|88|91|100|,1,0,WORK
1388,29|,1,0,WORK
1389,31|131|149|,1,0,WORK
1390,29|121|,1,0,WORK
1391,27|37|,1,0,WORK
1392,29|121|114|110|80|48|51|,1,0,WORK
1393,27|35|109|86|,1,0,WORK
1394,10|9|19|39|99|106|,1,0,WORK
1395,31|,1,0,WORK
1396,31|131|,1,0,WORK
1397,27|14|17|,1,0,WORK
1398,33|135|139|149|152|155|,1,0,WORK
1399,10|9|19|39|88|91|100|94|,1,0,WORK
1400,10|,1,0,WORK
1401,33|135|139|140|145|,1,0,WORK
1402,33|135|139|140|147|172|171|58|,1,0,WORK
1403,27|35|109|80|,1,0,WORK
1404,29|117|123|,1,0,WORK
1405,33|135|139|140|147|166|156|,1,0,WORK
1406,27|14|13|,1,0,WORK
1407,10|9|19|41|,1,0,WORK
1408,33|135|139|140|145|155|158|163|,1,0,WORK
1409,10|9|19|39|,1,0,WORK
1410,27|35|22|25|,1,0,WORK
1411,33|135|139|140|147|172|162|161|,1,0,WORK
1412,33|135|139|140|147|172|175|,1,0,WORK
1413,31|129|,1,0,WORK
1414,10|9|19|39|88|91|100|94|78|,1,0,WORK
1415,27|,1,0,WORK
1416,31|131|140|,1,0,WORK
1417,33|,1,0,WORK
1418,33|135|139|140|143|,1,0,WORK
1419,10|9|19|,1,0,WORK
1420,27|37|112|66|69|,1,0,WORK
1421,9|,1,11.9885,WORK
1422,11|33|135|139|149|152|144|143|151|,1,1.72067,WORK
1423,6|0|3|17|66|54|59|,1,6.68565,WORK
1424,6|0|3|15|35|102|84|76|46|,1,22.7118,WORK
1425,11|27|35|,1,0,WORK
1426,6|0|3|17|110|,1,15.147,WORK
1427,9|19|39|88|,1,1.43461,WORK
1428,9|19|39|88|91|,1,0.280549,WORK
1429,6|0|3|17|66|65|,1,1.80376,WORK
1430,11|31|124|,1,7.64202,WORK
1431,6|0|3|,1,6.69186,WORK
1432,6|0|3|15|35|102|84|76|46|45|,1,11.772,WORK
1433,6|,1,0.963527,WORK
1434,6|0|3|15|35|102|84|76|73|56|53|61|,1,17.8849,WORK
1435,6|0|,1,7.38245,WORK
1436,6|0|3|17|110|86|83|95|,1,0.0866048,WORK
1438,9|21|135|139|149|,1,0.020043,WORK
1439,6|0|3|17|115|,1,0.146081,WORK
1440,6|0|3|15|37|,1,2.94104,WORK
1441,6|0|3|17|110|86|76|75|,1,0.946311,WORK
1442,6|0|3|13|23|109|86|,1,30.3907,WORK
1443,9|19|39|99|106|,1,2.3667,WORK
1444,11|31|,1,4.5991,WORK
1445,11|31|131|,1,10.1484,WORK
1446,6|0|3|17|,1,6.21033,WORK
1447,6|0|3|17|115|120|28|33|135|139|149|152|155|,1,0.120391,WORK
1448,9|19|39|88|91|100|94|,1,1.11696,WORK
1449,11|,1,0,WORK
1450,11|33|135|139|140|145|,1,0.00648465,WORK
1451,6|0|3|15|35|102|84|76|46|45|61|54|,1,3.31372,WORK
1452,6|0|3|17|110|86|76|73|,1,1.17867,WORK
1453,11|31|124|123|,1,0.408245,WORK
1454,11|33|135|139|140|143|151|156|,1,9.23543,WORK
1455,6|0|3|13|,1,1.72903,WORK
1456,6|0|5|41|,1,0.117678,WORK
1457,11|33|135|139|140|145|155|158|163|,1,1.05532,WORK
1458,6|0|5|39|,1,1.80385,WORK
1459,9|19|39|99|,1,20.5261,WORK
1460,11|29|121|137|172|162|161|,1,0.228386,WORK
1461,11|33|135|139|149|152|155|158|165|,1,1.3001,WORK
1462,11|31|129|,1,0.50991,WORK
1463,9|19|39|88|91|100|94|78|,1,3.38413,WORK
1464,6|0|3|15|,1,14.6537,WORK
1465,11|31|131|140|,1,32.827,WORK
1466,9|21|,1,1.9283,WORK
1467,6|0|3|17|115|137|146|143|,1,0.0375743,WORK
1468,9|19|,1,0,WORK
1469,6|0|3|17|66|69|,1,4.99949,WORK
1470,144|141|138|134|20|,1,9.35e-06,WORK
1471,144|143|151|,1,3.91e-05,WORK
1472,155|158|163|171|,1,0,WORK
1473,144|147|68|54|42|,1,0.0013005,WORK
1474,144|147|68|67|110|108|,1,0,WORK
1475,144|147|68|67|110|,1,4.25e-05,WORK
1476,144|147|68|67|110|104|92|,1,0.0102017,WORK
1477,144|147|172|171|58|42|47|79|95|101|,1,0.0003332,WORK
1478,144|147|68|65|,1,0,WORK
1479,144|141|130|124|,1,0.00025245,WORK
1480,144|147|68|67|16|,1,0,WORK
1481,144|147|68|60|,1,8.5e-06,WORK
1482,144|141|130|30|10|6|,1,3.4e-06,WORK
1483,144|147|68|,1,0.0363001,WORK
1484,144|141|138|134|32|10|6|0|,1,1.7e-06,WORK
1485,144|147|68|67|110|86|83|95|,1,0,WORK
1486,144|141|126|122|116|,1,0.0488861,WORK
1487,153|,1,0,WORK
1488,144|147|136|,1,0,WORK
1489,144|147|136|132|,1,4.76e-05,WORK
1490,144|147|172|171|58|42|51|,1,8.5e-07,WORK
1491,144|147|68|67|110|86|,1,0.00013175,WORK
1492,144|147|172|171|58|57|72|77|85|,1,0.00090525,WORK
1493,144|141|130|,1,1.36e-05,WORK
1494,144|141|,1,0.123799,WORK
1495,144|147|136|114|,1,0.006103,WORK
1496,155|,1,0,WORK
1497,144|147|172|171|58|57|72|79|,1,6.8e-06,WORK
1498,144|141|138|134|32|,1,0,WORK
1499,144|141|138|134|32|10|,1,0.00026605,WORK
1500,144|147|68|54|,1,0.0008228,WORK
1501,144|147|68|67|110|80|,1,0,WORK
1502,144|141|126|,1,0,WORK
1503,155|158|,1,0.0376227,WORK
1504,144|147|68|67|16|13|,1,5.1e-06,WORK
1505,144|141|138|134|20|19|41|,1,0,WORK
1506,144|147|172|,1,3.4e-05,WORK
1507,144|141|138|134|20|19|39|,1,0.00318155,WORK
1508,144|147|68|67|110|104|107|,1,1.7e-06,WORK
1509,155|158|161|,1,3.4e-06,WORK
1510,155|158|165|,1,0.00052105,WORK
1511,144|141|138|,1,2.465e-05,WORK
1512,144|147|68|60|44|47|,1,0,WORK
1513,144|147|136|132|36|,1,0,WORK
1514,144|,1,0.0267104,WORK
1515,144|141|138|134|,1,8.5e-07,WORK
1516,144|143|,1,0,WORK
1517,144|147|68|67|16|2|5|,1,0,WORK
1518,144|147|,1,5.1e-06,WORK
1519,42|47|77|87|108|22|12|2|1|7|9|,1,2.90774,WORK
1520,55|69|166|,1,0.959589,WORK
1521,59|,1,0.638993,WORK
1522,42|,1,6.81821,WORK
1523,57|81|108|,1,0,WORK
1524,42|47|77|87|,1,2.49491,WORK
1525,42|47|77|85|92|,1,2.36915,WORK
1526,42|47|79|95|101|,1,0.413236,WORK
1527,53|63|,1,2.97197,WORK
1528,42|47|77|85|107|98|38|18|21|135|128|124|,1,3.68554,WORK
1529,42|47|77|85|107|98|38|4|3|,1,1.66704,WORK
1530,53|,1,22.0358,WORK
1531,42|47|77|85|107|98|38|4|1|,1,0.542575,WORK
1532,55|,1,5.98787,WORK
1533,42|47|77|85|107|98|38|4|,1,2.13962,WORK
1534,42|47|79|95|,1,0.0694951,WORK
1536,59|170|173|146|141|149|,1,0.0130823,WORK
1537,55|67|115|,1,0.041089,WORK
1538,42|47|77|87|108|34|37|,1,6.61212,WORK
1539,42|51|,1,1.98743,WORK
1540,42|47|77|,1,1.05272,WORK
1541,42|47|77|85|,1,3.51255,WORK
1542,42|47|77|87|111|113|36|26|31|,1,1.7593,WORK
1543,42|47|77|87|111|113|36|26|33|135|139|,1,21.2708,WORK
1544,42|47|77|87|108|34|14|17|,1,4.67474,WORK
1545,59|170|162|159|,1,0.217206,WORK
1546,42|47|79|,1,0.327859,WORK
1547,59|170|173|146|141|138|134|32|,1,0,WORK
1548,42|47|77|87|108|22|12|2|1|7|,1,4.25753,WORK
1549,55|69|146|145|,1,0.0022593,WORK
1550,57|,1,2.4223,WORK
1551,42|47|77|85|107|98|38|18|21|135|139|126|,1,1.68166,WORK
1552,59|170|162|,1,8.16079,WORK
1553,42|47|77|85|107|24|,1,1.78564,WORK
1554,42|47|77|85|103|22|25|98|97|,1,1.66131,WORK
1555,59|170|,1,0.784803,WORK
1556,42|47|77|85|103|22|25|98|,1,1.26984,WORK
1557,42|47|77|87|108|22|25|,1,1.3118,WORK
1558,59|170|162|161|,1,0.261906,WORK
1559,59|170|175|,1,0.923645,WORK
1560,42|47|77|85|107|98|38|18|21|135|,1,1.88408,WORK
1561,42|47|,1,1.7785,WORK
1562,42|47|77|87|108|34|,1,0.562849,WORK
1563,55|69|146|,1,2.335,WORK
1564,42|47|77|85|107|98|38|18|21|,1,3.25318,WORK
1565,42|47|79|95|101|90|89|38|18|21|32|31|131|149|152|144|143|,1,0.0829838,WORK
1566,55|67|16|2|5|,1,0,WORK
1567,55|69|,1,0.421691,WORK
1568,72|79|95|101|90|89|38|18|,1,0.210493,WORK
1569,81|111|66|69|166|,1,0.0584927,WORK
1570,56|59|,1,0.958496,WORK
1571,48|,1,2.33871,WORK
1572,81|108|,1,0,WORK
1573,72|77|87|,1,0.280703,WORK
1574,72|77|85|92|,1,16.5376,WORK
1575,81|104|92|91|,1,0.0098141,WORK
1576,48|45|63|,1,6.35827,WORK
1577,72|77|87|111|16|15|26|31|124|,1,14.446,WORK
1578,72|79|95|101|90|89|38|4|3|,1,0.965013,WORK
1579,48|45|,1,0.228097,WORK
1580,72|77|87|108|34|26|10|6|,1,0.0263389,WORK
1581,56|55|,1,2.80221,WORK
1582,72|77|85|107|98|38|4|,1,0.448026,WORK
1583,72|79|95|,1,0.00078285,WORK
1585,81|111|66|69|146|141|149|,1,0.00016235,WORK
1586,72|77|87|108|34|14|17|115|,1,0.690451,WORK
1587,72|77|85|103|34|37|,1,0.045594,WORK
1588,48|51|,1,0.148589,WORK
1589,72|77|,1,0.116096,WORK
1590,72|77|85|,1,0.998851,WORK
1591,81|108|34|26|31|,1,0.0683791,WORK
1592,72|77|87|108|34|26|33|135|139|,1,1.42083,WORK
1593,72|77|85|103|34|14|17|,1,0.663472,WORK
1594,56|59|170|162|159|,1,0.0294593,WORK
1595,72|79|,1,0.0834054,WORK
1596,81|108|34|26|,1,0,WORK
1597,72|77|87|108|22|12|2|1|7|,1,3.66783,WORK
1598,81|111|66|69|146|145|,1,0,WORK
1599,56|,1,15.6345,WORK
1600,72|77|87|108|34|37|133|120|117|123|,1,0.0194548,WORK
1601,81|111|115|137|172|162|,1,11.7221,WORK
1602,72|77|85|107|24|,1,0.178922,WORK
1603,72|77|85|107|98|97|,1,0.0110271,WORK
1604,81|108|34|26|31|131|149|152|155|158|163|,1,0.102129,WORK
1605,72|77|85|103|22|25|98|,1,0.591263,WORK
1606,72|77|85|107|,1,0.130237,WORK
1607,72|77|87|108|34|37|133|137|172|162|161|,1,0.0130704,WORK
1608,81|111|66|69|172|175|,1,0.0597431,WORK
1609,81|108|34|26|31|129|,1,0.783152,WORK
1610,72|,1,0.278626,WORK
1611,72|77|87|108|34|,1,0.113798,WORK
1612,81|111|66|69|146|,1,0.0812056,WORK
1613,81|108|34|26|33|,1,0.707078,WORK
1614,81|111|66|69|146|143|,1,0,WORK
1615,81|111|16|2|5|,1,0,WORK
1616,56|55|69|,1,0.0554123,WORK
1617,127|138|134|20|,1,0.0728832,WORK
1618,127|149|152|144|143|151|,1,0.0129701,WORK
1619,127|149|152|155|158|163|171|,1,0.0078795,WORK
1620,127|149|152|155|158|163|171|58|42|,1,1.11283,WORK
1621,122|125|30|27|35|,1,0,WORK
1622,122|116|121|114|110|,1,0.0405875,WORK
1623,122|125|30|27|14|13|25|98|88|,1,0.611714,WORK
1624,122|125|30|27|14|13|25|106|92|91|,1,0.00505155,WORK
1625,127|149|152|155|158|163|171|70|,1,0.0384106,WORK
1626,122|,1,0.760774,WORK
1627,122|125|30|27|14|,1,2.25524,WORK
1628,127|149|152|155|158|163|171|70|62|,1,0.360567,WORK
1629,122|125|30|10|6|,1,0.0126845,WORK
1630,127|149|152|155|158|163|173|68|,1,1.88669,WORK
1631,122|125|30|10|6|0|,1,0.0399287,WORK
1632,122|125|30|33|20|19|39|88|91|100|,1,0,WORK
1634,127|149|,1,0,WORK
1635,122|116|121|,1,0.00015895,WORK
1636,122|116|119|,1,0.379194,WORK
1637,122|116|121|114|110|80|48|51|,1,0.00460785,WORK
1638,122|125|30|27|35|109|86|,1,0.172617,WORK
1639,122|125|30|33|20|19|39|99|106|,1,0.0815277,WORK
1640,122|125|,1,0.104448,WORK
1641,127|,1,1.33497,WORK
1642,122|125|30|27|14|17|,1,0.626348,WORK
1643,127|140|145|155|,1,9.35e-06,WORK
1644,122|125|30|33|20|19|39|88|91|100|94|,1,0.0687259,WORK
1645,122|116|28|,1,0,WORK
1646,122|125|30|33|20|8|,1,2.77626,WORK
1647,127|140|145|,1,0,WORK
1648,127|149|152|155|158|163|171|58|,1,0.0679847,WORK
1649,122|125|30|27|35|109|80|,1,0.0308576,WORK
1650,127|149|152|144|143|151|156|,1,1.80973,WORK
1651,122|125|30|27|14|13|,1,0.0656846,WORK
1652,122|125|30|10|9|19|41|,1,2.89e-05,WORK
1653,127|149|152|155|158|163|,1,0.0809183,WORK
1654,122|125|30|33|20|19|39|,1,6.64091,WORK
1655,122|125|30|27|35|22|25|,1,0.0492057,WORK
1656,127|149|152|155|158|161|,1,0.00306935,WORK
1657,127|149|152|155|158|165|,1,0.0641869,WORK
1658,127|138|,1,0.0437393,WORK
1659,127|149|152|155|158|163|171|70|62|44|47|,1,0.101225,WORK
1660,122|116|119|36|,1,0.129423,WORK
1661,127|149|152|144|,1,4.30802,WORK
1662,127|138|134|,1,0.0038675,WORK
1663,127|140|143|,1,0,WORK
1664,122|125|30|10|6|0|5|,1,0,WORK
1665,127|149|152|155|158|157|167|,1,0.062696,WORK
1667,157|,1,17.5261,WORK
1668,163|171|,1,1.90183,WORK
1669,157|167|68|54|42|,1,21.1826,WORK
1670,157|167|68|67|110|108|,1,0,WORK
1671,157|167|136|114|110|,1,3.52978,WORK
1672,157|167|146|141|130|30|27|14|13|25|98|88|,1,5.54823,WORK
1673,157|167|136|132|36|14|13|25|106|92|91|,1,0.849122,WORK
1674,163|171|70|,1,7.84349,WORK
1675,157|167|146|141|126|122|,1,14.4982,WORK
1676,157|167|146|141|138|134|20|19|4|3|,1,4.4585,WORK
1677,157|167|68|60|,1,7.13118,WORK
1678,157|167|146|141|130|30|10|6|,1,0.236637,WORK
1679,157|167|68|,1,10.3939,WORK
1680,157|167|146|141|138|134|20|19|4|,1,7.15859,WORK
1681,157|167|136|114|110|86|83|95|,1,0.0783946,WORK
1683,159|154|153|,1,0.0685185,WORK
1684,157|167|136|,1,0.453305,WORK
1685,157|167|136|132|,1,1.55128,WORK
1686,157|167|68|54|42|51|,1,21.076,WORK
1687,163|171|58|57|72|77|,1,20.1615,WORK
1688,157|167|68|60|44|47|77|85|,1,2.66486,WORK
1689,157|167|146|141|130|,1,1.0241,WORK
1690,157|167|146|141|,1,31.966,WORK
1691,163|171|58|42|47|77|87|108|34|14|17|,1,15.5879,WORK
1692,159|,1,0.10223,WORK
1693,157|167|68|54|57|72|79|,1,1.75156,WORK
1694,157|167|146|141|138|134|32|,1,0,WORK
1695,157|167|146|141|138|134|20|19|4|1|7|,1,10.3799,WORK
1696,159|154|,1,0.163237,WORK
1697,157|167|68|54|,1,4.23908,WORK
1698,157|167|68|54|57|,1,1.41926,WORK
1699,157|167|146|141|126|,1,5.73302,WORK
1700,157|167|146|141|138|134|20|19|39|99|24|,1,7.87684,WORK
1701,157|167|146|141|138|134|20|19|41|,1,0.0661036,WORK
1702,163|,1,11.3179,WORK
1703,157|167|146|141|138|134|20|19|39|,1,7.20822,WORK
1704,157|167|68|60|44|47|77|87|108|22|25|,1,2.24398,WORK
1705,161|,1,1.87915,WORK
1706,165|,1,5.45382,WORK
1707,157|167|146|141|138|,1,9.80208,WORK
1708,163|171|58|42|47|,1,2.18933,WORK
1709,157|167|136|132|36|,1,0.801964,WORK
1710,157|150|142|,1,4.25048,WORK
1711,157|167|146|141|138|134|,1,0.399627,WORK
1712,157|150|,1,0.18239,WORK
1713,157|167|68|67|16|2|5|,1,0,WORK
1714,157|167|,1,17.9546,WORK
1715,12|2|1|7|9|,1,5.80767,WORK
1716,12|17|66|69|166|,1,6.29552,WORK
1717,12|17|66|54|59|,1,0.288642,WORK
1718,25|106|84|76|46|,1,15.6391,WORK
1719,23|,1,0,WORK
1720,23|109|,1,0.897388,WORK
1721,25|98|88|,1,1.49781,WORK
1722,25|98|88|91|,1,0.706517,WORK
1723,25|106|84|76|73|56|53|63|,1,0.551528,WORK
1724,12|15|26|31|124|,1,3.42804,WORK
1725,12|,1,1.58691,WORK
1726,25|106|84|76|46|45|,1,1.07241,WORK
1727,12|2|1|,1,0.0308125,WORK
1728,25|106|84|76|73|56|53|61|,1,15.04,WORK
1729,12|2|,1,0.668475,WORK
1730,25|106|84|83|95|,1,0.0029376,WORK
1732,12|17|115|120|117|123|127|149|,1,0.0188496,WORK
1733,12|17|115|,1,0.0031127,WORK
1734,12|15|37|,1,0.135279,WORK
1735,12|17|110|80|48|51|,1,0.138515,WORK
1736,25|106|84|,1,4.78711,WORK
1737,23|102|,1,18.1115,WORK
1738,12|15|26|31|,1,9.0545,WORK
1739,12|15|26|33|135|139|,1,21.0548,WORK
1740,12|17|,1,7.92633,WORK
1741,12|17|66|69|172|162|159|,1,0.0436135,WORK
1742,25|106|84|83|,1,0.493706,WORK
1743,12|15|26|,1,0,WORK
1744,12|2|1|7|,1,10.3308,WORK
1745,12|17|66|69|146|145|,1,0,WORK
1746,25|106|84|76|46|45|61|54|,1,24.0806,WORK
1747,25|106|84|76|73|,1,12.3454,WORK
1748,12|15|26|31|124|123|,1,0.567849,WORK
1749,12|17|115|137|172|162|,1,10.0883,WORK
1750,12|2|5|41|,1,6.27098,WORK
1751,12|17|66|69|172|,1,1.56339,WORK
1752,25|98|,1,2.30232,WORK
1753,25|,1,1.49712,WORK
1754,12|17|66|69|172|162|161|,1,0.0195543,WORK
1755,12|17|66|69|172|175|,1,0.341979,WORK
1756,12|15|26|31|129|,1,0.132597,WORK
1757,25|106|84|76|,1,0.687396,WORK
1758,12|15|,1,1.78986,WORK
1759,12|17|66|69|146|,1,0.590097,WORK
1760,12|2|5|18|21|,1,8.29787,WORK
1761,12|17|113|118|117|123|127|149|152|144|143|,1,0.00715955,WORK
1762,12|2|5|,1,0,WORK
1763,12|17|66|69|,1,3.65738,WORK
1764,40|18|,1,0.0388612,WORK
1765,40|18|21|135|139|149|152|144|143|151|,1,0.00735505,WORK
1766,96|99|106|105|80|56|59|,1,0.0036992,WORK
1767,96|99|106|84|76|46|,1,0.333831,WORK
1768,96|99|24|23|,1,0,WORK
1769,96|99|106|105|,1,0.187152,WORK
1770,96|88|,1,0.0263407,WORK
1771,96|88|91|,1,2.08712,WORK
1772,96|99|106|105|80|56|53|63|,1,0.057766,WORK
1773,40|18|21|135|128|124|,1,0.248407,WORK
1774,40|4|3|,1,0.00515185,WORK
1775,96|99|106|105|80|48|45|,1,0.124188,WORK
1776,40|4|1|,1,0.0057239,WORK
1777,96|99|106|84|76|73|56|55|,1,0.452453,WORK
1778,40|4|,1,0.114025,WORK
1779,96|88|91|100|,1,0.00250325,WORK
1780,40|18|21|32|31|124|116|,1,1.59613,WORK
1781,40|18|21|135|139|149|,1,0,WORK
1782,96|99|106|105|111|115|,1,0,WORK
1783,96|99|24|23|34|37|,1,0.036867,WORK
1784,96|99|106|105|80|48|51|,1,0.00078115,WORK
1785,96|99|106|84|,1,0.0280908,WORK
1786,96|88|93|,1,0.981,WORK
1787,40|18|8|11|31|,1,0.0218705,WORK
1788,40|18|21|135|139|,1,1.00166,WORK
1789,40|4|3|17|,1,0.178077,WORK
1790,40|18|21|135|139|149|152|155|,1,0,WORK
1791,96|88|91|100|94|,1,0.0048705,WORK
1792,40|18|8|11|,1,0,WORK
1793,40|18|8|,1,0.0608761,WORK
1794,40|18|21|135|139|140|145|,1,0,WORK
1795,96|99|106|105|80|56|,1,0.0988244,WORK
1796,96|99|106|84|76|73|,1,0.0061642,WORK
1797,40|18|21|32|31|124|123|,1,1.19e-05,WORK
1798,40|18|21|135|139|149|152|155|158|,1,0.797677,WORK
1799,40|4|3|13|,1,0.0833994,WORK
1800,40|18|21|135|139|149|152|155|158|163|,1,0.00655605,WORK
1801,96|,1,0.658892,WORK
1802,96|99|,1,0.0196052,WORK
1803,40|18|21|135|139|140|147|172|162|161|,1,0.00042245,WORK
1804,40|18|8|11|31|131|140|147|172|175|,1,0.0040273,WORK
1805,40|18|21|135|,1,0.064203,WORK
1806,96|99|106|84|76|,1,0.0200778,WORK
1807,40|4|3|15|,1,0.00079305,WORK
1808,96|99|106|105|80|56|59|170|173|146|,1,0.001207,WORK
1809,40|18|21|,1,0.0003621,WORK
1810,40|18|21|135|139|140|143|,1,0,WORK
1811,40|,1,0,WORK
1812,40|18|21|32|29|119|112|66|69|,1,0.00042755,WORK
1813,162|159|154|144|141|138|134|20|,1,5.23139,WORK
1814,162|157|,1,11.4675,WORK
1815,171|,1,5.77423,WORK
1816,171|58|42|,1,20.9615,WORK
1817,173|136|114|110|108|,1,0,WORK
1818,162|159|154|153|148|130|30|27|37|112|110|,1,0.530709,WORK
1819,162|159|154|153|148|130|30|27|14|13|25|98|88|,1,3.25224,WORK
1820,173|136|114|16|13|25|106|92|91|,1,0.152588,WORK
1821,171|70|,1,2.87296,WORK
1822,162|159|154|153|148|126|122|,1,21.3942,WORK
1823,162|159|154|153|148|138|134|20|19|4|3|,1,6.64906,WORK
1824,171|70|64|60|,1,9.19253,WORK
1825,162|159|154|153|148|130|30|27|14|2|1|,1,14.654,WORK
1826,171|70|64|,1,8.48059,WORK
1827,162|159|154|153|148|138|134|20|19|4|,1,15.7049,WORK
1828,173|136|114|110|86|83|95|,1,0.0005882,WORK
1830,162|159|154|153|,1,0,WORK
1831,173|136|,1,0.00234515,WORK
1832,162|159|154|153|148|138|134|32|27|37|,1,1.52188,WORK
1833,162|159|154|153|148|130|30|27|37|112|110|86|76|75|,1,2.98708,WORK
1834,162|159|154|153|148|130|30|27|35|109|86|,1,0.706564,WORK
1835,162|159|154|153|148|138|134|20|19|39|99|106|,1,2.09624,WORK
1836,162|159|154|153|148|130|,1,4.46642,WORK
1837,162|159|154|153|148|,1,31.8899,WORK
1838,162|159|154|153|148|130|30|27|14|17|,1,2.7623,WORK
1839,162|159|,1,11.5595,WORK
1840,171|58|57|72|79|,1,0.337559,WORK
1841,162|159|154|144|141|138|134|32|,1,0,WORK
1842,162|159|154|153|148|138|134|20|19|4|1|7|,1,14.8024,WORK
1843,162|159|154|,1,0.00016405,WORK
1844,171|58|,1,64.6492,WORK
1845,173|68|54|57|,1,0.0805672,WORK
1846,162|159|154|153|148|126|,1,0.0153136,WORK
1847,162|,1,77.7851,WORK
1848,162|159|154|153|148|138|134|20|19|39|99|24|,1,3.6412,WORK
1849,162|159|154|153|148|138|134|20|19|41|,1,0.843147,WORK
1850,162|159|154|153|148|138|134|20|19|39|,1,10.8687,WORK
1851,162|159|154|153|148|138|134|20|19|39|99|,1,2.58259,WORK
1852,162|161|,1,3.05868,WORK
1853,175|,1,37.6986,WORK
1854,162|159|154|153|148|138|,1,9.1361,WORK
1855,171|58|42|47|,1,2.3287,WORK
1856,162|159|154|153|148|138|134|20|19|4|3|15|,1,1.92352,WORK
1857,173|146|,1,1.80473,WORK
1858,162|159|154|144|141|138|134|,1,0.2594,WORK
1859,162|157|150|,1,0.0222488,WORK
1860,173|136|114|16|2|5|,1,0,WORK
1861,173|,1,0.767283,WORK
1862,38|18|,1,0.937347,WORK
1863,38|18|21|135|139|140|143|151|,1,0.283312,WORK
1864,99|106|84|76|73|56|59|,1,0.306782,WORK
1865,99|106|84|76|46|,1,2.62429,WORK
1866,99|24|23|,1,0,WORK
1867,99|106|105|,1,0.470958,WORK
1868,88|,1,10.1192,WORK
1869,88|91|,1,8.49407,WORK
1870,99|106|84|76|73|56|53|63|,1,0.540429,WORK
1871,38|18|21|135|128|124|,1,1.57623,WORK
1872,38|4|3|,1,0.416805,WORK
1873,99|106|84|76|46|45|,1,1.68008,WORK
1874,38|4|1|,1,0.140784,WORK
1875,99|106|84|76|73|56|53|61|,1,4.92013,WORK
1876,38|4|,1,2.802,WORK
1877,88|91|100|,1,0.293038,WORK
1878,99|106|103|34|37|118|,1,26.733,WORK
1879,38|18|21|135|139|149|,1,5.44e-05,WORK
1880,38|4|3|17|115|,1,0.0173655,WORK
1881,99|24|23|34|37|,1,0.160474,WORK
1882,99|106|84|76|75|,1,0.111436,WORK
1883,99|106|84|,1,8.42071,WORK
1884,88|93|,1,9.61546,WORK
1885,38|18|8|11|31|,1,0.10356,WORK
1886,38|18|21|135|139|,1,0.970942,WORK
1887,38|4|3|17|,1,6.26191,WORK
1888,38|18|21|135|139|149|152|155|,1,0.0385449,WORK
1889,99|106|84|83|,1,14.2445,WORK
1890,38|18|8|11|,1,0,WORK
1891,38|18|8|,1,1.76964,WORK
1892,38|18|21|135|139|140|145|,1,0.00016405,WORK
1893,99|106|84|76|46|45|52|,1,0.485348,WORK
1894,99|106|105|86|76|73|,1,35.5379,WORK
1895,38|18|21|135|139|126|,1,0.120291,WORK
1896,38|18|21|135|139|149|152|155|158|,1,3.10191,WORK
1897,99|24|,1,0.346235,WORK
1898,97|,1,0.193463,WORK
1899,99|106|105|111|66|69|172|,1,0.234396,WORK
1900,99|,1,2.65768,WORK
1901,99|106|105|111|66|69|172|162|161|,1,0.04301,WORK
1902,99|106|105|111|66|69|172|175|,1,3.00564,WORK
1903,38|18|21|135|,1,0.469475,WORK
1904,99|106|84|76|,1,0.3898,WORK
1905,38|4|3|15|,1,0.0836884,WORK
1906,38|18|21|135|139|140|,1,0.337412,WORK
1907,38|18|21|,1,0.318494,WORK
1908,99|106|103|34|26|33|135|139|149|152|144|143|,1,0.00791605,WORK
1909,38|,1,0,WORK
1910,99|106|105|111|66|69|,1,0.248728,WORK
1911,24|12|2|1|7|9|,1,1.53082,WORK
1912,106|105|111|66|69|166|,1,0.0689053,WORK
1913,106|84|76|73|56|59|,1,0.450533,WORK
1914,106|92|91|100|94|78|46|,1,4.66711,WORK
1915,24|23|,1,0,WORK
1916,106|105|,1,0.798181,WORK
1917,98|88|,1,2.49098,WORK
1918,98|88|91|,1,0.0164891,WORK
1919,106|84|76|73|56|53|63|,1,0.172623,WORK
1920,24|23|34|26|31|124|,1,2.02736,WORK
1921,24|12|,1,0.16251,WORK
1922,106|92|91|100|94|78|46|45|,1,0.434897,WORK
1923,24|12|2|1|,1,0.0388136,WORK
1924,106|84|76|73|56|53|61|,1,1.88834,WORK
1925,24|12|2|,1,0.298074,WORK
1926,106|84|83|95|,1,0.032425,WORK
1928,24|23|34|26|33|135|139|149|,1,0.0167509,WORK
1929,24|12|17|115|,1,0.06753,WORK
1930,24|12|15|37|,1,0.0776696,WORK
1931,106|84|76|75|,1,0.069258,WORK
1932,106|84|,1,1.52487,WORK
1933,106|,1,2.65903,WORK
1934,24|23|34|26|31|,1,0.154281,WORK
1935,24|23|34|26|33|135|139|,1,7.37978,WORK
1936,24|12|17|,1,1.93829,WORK
1937,106|105|111|115|137|172|162|159|,1,0.239425,WORK
1938,106|84|83|,1,0.239425,WORK
1939,24|23|34|26|,1,0,WORK
1940,24|12|2|1|7|,1,1.22723,WORK
1941,106|105|111|66|69|146|145|,1,0,WORK
1942,106|84|76|46|45|61|54|,1,5.95912,WORK
1943,106|84|76|73|,1,0.366999,WORK
1944,24|23|34|26|31|124|123|,1,0.0141873,WORK
1945,106|105|111|66|69|166|156|,1,8.51837,WORK
1946,24|,1,1.42761,WORK
1947,98|97|,1,0.004369,WORK
1948,106|105|111|66|69|172|,1,2.68316,WORK
1949,98|,1,3.79713,WORK
1950,106|105|111|66|69|172|162|161|,1,0.0184169,WORK
1951,106|105|111|66|69|172|175|,1,0.183954,WORK
1952,24|23|34|26|31|129|,1,0.335968,WORK
1953,106|84|76|,1,0.106909,WORK
1954,24|12|15|,1,0.0389096,WORK
1955,106|105|111|66|69|146|,1,0.0868351,WORK
1956,98|38|18|21|,1,0.113886,WORK
1957,106|105|111|66|69|146|143|,1,0,WORK
1958,98|38|,1,0,WORK
1959,24|12|17|66|69|,1,0.176328,WORK
1960,160|163|173|146|141|138|134|20|,1,0.0755531,WORK
1961,160|157|,1,0.0505588,WORK
1962,160|163|171|,1,0.114623,WORK
1963,160|163|171|58|42|,1,0.702887,WORK
1964,160|163|173|68|67|110|108|,1,0,WORK
1965,160|163|173|146|141|126|122|116|121|114|110|,1,0.147258,WORK
1966,160|163|173|146|141|130|30|27|14|13|25|98|88|,1,0.0302507,WORK
1967,160|163|173|68|54|57|72|79|95|101|,1,0.0329979,WORK
1968,160|163|171|70|,1,0.0634143,WORK
1969,160|163|173|146|141|126|122|,1,1.17901,WORK
1970,160|163|173|146|141|138|134|20|19|4|3|,1,0.129086,WORK
1971,160|163|171|70|62|,1,0.153546,WORK
1972,160|163|173|146|141|130|30|10|6|,1,0.0021862,WORK
1973,160|157|167|68|,1,0.369184,WORK
1974,160|163|173|146|141|138|134|32|10|6|0|,1,0.0290572,WORK
1975,160|163|173|136|114|110|86|83|95|,1,0.00905505,WORK
1977,160|159|154|153|,1,0,WORK
1978,160|157|167|136|,1,0.00039015,WORK
1979,160|163|173|146|141|138|134|32|27|37|,1,0.036499,WORK
1980,160|163|173|68|54|42|51|,1,0.0674637,WORK
1981,160|163|173|146|141|130|30|27|35|109|86|,1,0.0579351,WORK
1982,160|163|173|146|141|138|134|20|19|39|99|106|,1,0.0891004,WORK
1983,160|159|154|153|148|130|,1,0.279283,WORK
1984,160|159|154|153|148|,1,0.740233,WORK
1985,160|163|173|146|141|138|134|32|27|14|17|,1,0.116128,WORK
1986,160|159|,1,0.106058,WORK
1987,160|163|173|68|54|57|72|79|,1,0.0123488,WORK
1988,160|163|173|146|141|138|134|32|,1,0,WORK
1989,160|163|173|146|141|138|134|20|8|,1,0.171776,WORK
1990,160|159|154|,1,2.55e-06,WORK
1991,160|163|171|58|,1,3.46042,WORK
1992,160|163|173|68|54|57|,1,0.031643,WORK
1993,160|159|154|153|148|126|,1,0.0100946,WORK
1994,160|,1,1.27736,WORK
1995,160|163|173|146|141|126|122|116|121|114|16|13|,1,0.0824687,WORK
1996,160|163|173|146|141|138|134|20|19|41|,1,0.0289901,WORK
1997,160|163|,1,0.0642991,WORK
1998,160|163|173|146|141|138|134|20|19|39|,1,0.111531,WORK
1999,160|163|173|68|60|44|47|77|87|108|22|25|,1,0.0544986,WORK
2000,169|,1,0.205928,WORK
2001,160|159|154|153|148|138|,1,0.106876,WORK
2002,160|163|173|68|60|44|47|,1,0.0137836,WORK
2003,160|163|173|146|141|130|124|116|119|36|,1,0.0125486,WORK
2004,160|157|150|142|,1,0.0179792,WORK
2005,160|163|173|146|141|138|134|,1,0.0533409,WORK
2006,160|157|150|,1,0.152569,WORK
2007,160|163|173|68|67|16|2|5|,1,0,WORK
2008,160|157|167|,1,0.47591,WORK
2009,174|173|146|141|138|134|20|,1,0.416909,WORK
2010,164|157|,1,0.311708,WORK
2011,174|171|,1,0.202502,WORK
2012,174|171|58|42|,1,1.1272,WORK
2013,174|173|68|67|110|108|,1,0,WORK
2014,174|173|146|141|126|122|116|119|112|110|,1,0.219278,WORK
2015,174|173|146|141|130|30|27|14|13|25|98|88|,1,0.393677,WORK
2016,174|173|68|54|57|72|79|95|101|,1,0.0709512,WORK
2017,174|171|70|,1,0.0744269,WORK
2018,174|173|146|141|126|122|,1,1.22802,WORK
2019,174|173|146|141|138|134|20|19|4|3|,1,0.211017,WORK
2020,174|171|70|64|60|,1,0.432665,WORK
2021,174|173|146|141|138|134|20|8|6|,1,0.0297058,WORK
2022,174|171|70|64|,1,1.50256,WORK
2023,174|173|146|141|138|134|20|19|4|,1,0.140555,WORK
2024,174|173|146|141|138|134|32|29|119|112|110|86|83|95|,1,0.0189117,WORK
2026,164|159|154|153|,1,0.00124525,WORK
2027,174|173|146|141|130|124|116|119|133|,1,0.0764252,WORK
2028,174|173|146|141|138|134|32|27|37|,1,0.415807,WORK
2029,174|171|58|42|51|,1,0.197416,WORK
2030,174|173|146|141|130|30|27|35|109|86|,1,0.787074,WORK
2031,174|173|146|141|138|134|20|19|39|99|106|,1,1.10155,WORK
2032,174|173|146|141|130|,1,0.409663,WORK
2033,164|159|154|153|148|,1,1.68636,WORK
2034,174|173|146|141|138|134|32|27|14|17|,1,0.417627,WORK
2035,164|159|,1,0.0164722,WORK
2036,174|171|58|57|72|79|,1,0.0706605,WORK
2037,174|173|146|141|138|134|32|,1,0,WORK
2038,174|173|146|141|138|134|20|19|4|1|7|,1,1.08294,WORK
2039,164|159|154|,1,0.00648465,WORK
2040,174|171|58|,1,7.70003,WORK
2041,174|171|58|57|,1,0.387434,WORK
2042,174|173|146|141|126|,1,0.200566,WORK
2043,164|,1,19.6526,WORK
2044,174|173|146|141|138|134|20|19|39|99|24|,1,0.321755,WORK
2045,174|173|146|141|138|134|20|19|41|,1,0.0259471,WORK
2046,174|,1,0.829381,WORK
2047,174|173|146|141|138|134|20|19|39|,1,2.49446,WORK
2048,174|173|146|141|138|134|32|27|35|22|25|,1,1.83199,WORK
2049,168|,1,0.367785,WORK
2050,174|173|146|141|138|,1,0.310804,WORK
2051,174|171|70|62|44|47|,1,0.223291,WORK
2052,174|173|146|141|138|134|20|19|4|3|15|,1,0.16732,WORK
2053,164|157|150|142|,1,0.433598,WORK
2054,174|173|146|141|138|134|,1,0.525264,WORK
2055,164|157|150|,1,0.011968,WORK
2056,174|173|68|67|16|2|5|,1,0,WORK
2057,174|173|,1,10.9008,WORK
2058,134|20|,1,0.148048,WORK
2059,139|149|152|144|143|151|,1,2.76497,WORK
2060,139|149|152|155|158|163|171|,1,0.0793169,WORK
2061,139|149|152|155|158|163|171|58|42|,1,0.345041,WORK
2062,128|124|116|119|112|110|108|,1,0,WORK
2063,128|124|116|119|112|110|,1,0.0822111,WORK
2064,128|30|27|14|13|25|98|88|,1,1.2168,WORK
2065,139|149|152|155|158|163|171|58|57|72|79|95|101|,1,0.449234,WORK
2066,139|149|152|155|158|163|171|70|,1,0.0874183,WORK
2067,128|124|,1,1.63249,WORK
2068,134|20|19|4|3|,1,0.398579,WORK
2069,139|149|152|155|158|163|171|70|64|60|,1,0.24138,WORK
2070,134|20|8|6|,1,0.02971,WORK
2071,139|149|152|155|158|163|171|70|64|,1,1.85995,WORK
2072,134|20|19|4|,1,0.24716,WORK
2073,128|124|116|121|114|110|86|83|95|,1,0.00022525,WORK
2075,139|149|,1,0.0191216,WORK
2076,128|124|116|119|133|,1,0.0066963,WORK
2077,128|30|27|37|,1,6.76467,WORK
2078,128|124|116|119|112|110|86|76|75|,1,0.0417086,WORK
2079,128|30|27|35|109|86|,1,0.250543,WORK
2080,134|20|19|39|99|106|,1,0.268323,WORK
2081,128|,1,1.12155,WORK
2082,139|,1,1.86714,WORK
2083,128|30|27|14|17|,1,2.74435,WORK
2084,139|149|152|155|,1,0.0034425,WORK
2085,139|149|152|155|158|163|171|58|57|72|79|,1,0.162625,WORK
2086,128|30|,1,0,WORK
2087,134|20|19|4|1|7|,1,0.511814,WORK
2088,139|140|145|,1,6.97e-05,WORK
2089,139|149|152|155|158|163|171|58|,1,2.45349,WORK
2090,139|149|152|144|147|68|54|57|,1,0.0382806,WORK
2091,139|126|,1,0.420512,WORK
2092,139|149|152|144|143|151|156|,1,0.229002,WORK
2093,134|20|19|39|99|24|,1,0.759841,WORK
2094,134|20|19|41|,1,0.00487815,WORK
2095,139|149|152|155|158|163|,1,0.162126,WORK
2096,134|20|19|39|,1,0.279115,WORK
2097,139|149|152|155|158|163|171|58|57|72|77|87|108|22|25|,1,0.48012,WORK
2098,139|149|152|155|158|161|,1,0.0168308,WORK
2099,139|149|152|155|158|165|,1,0.13829,WORK
2100,139|149|152|155|158|163|171|58|42|47|,1,0.501796,WORK
2101,128|30|27|,1,0.481227,WORK
2102,139|149|152|144|,1,12.6069,WORK
2103,134|,1,0.114785,WORK
2104,139|140|143|,1,9.35e-06,WORK
2105,128|124|116|119|112|16|2|5|,1,0,WORK
2106,139|149|152|155|158|157|167|,1,0.55467,WORK
2107,79|95|101|90|89|38|18|,1,0.602656,WORK
2108,46|45|61|69|166|,1,0.0552288,WORK
2109,46|43|59|,1,0.109115,WORK
2110,46|,1,1.7847,WORK
2111,73|81|108|,1,0,WORK
2112,77|87|,1,0.504177,WORK
2113,77|85|92|,1,0.150388,WORK
2114,79|95|101|,1,0.122285,WORK
2115,46|45|63|,1,0.455189,WORK
2116,79|95|101|90|89|38|18|21|135|128|124|,1,3.63674,WORK
2117,79|95|101|90|89|38|4|3|,1,0.142298,WORK
2118,46|45|,1,0.436171,WORK
2119,79|95|101|90|89|38|4|1|,1,0.0284886,WORK
2120,46|45|61|,1,3.10513,WORK
2121,79|95|101|90|89|38|4|,1,0.105153,WORK
2122,79|95|,1,0.0521866,WORK
2124,46|45|61|69|146|141|149|,1,0,WORK
2125,79|95|101|90|89|99|24|12|17|115|,1,0.123882,WORK
2126,77|87|108|34|37|,1,0.26941,WORK
2127,75|,1,0.774678,WORK
2128,77|,1,0.86546,WORK
2129,77|85|,1,2.10935,WORK
2130,79|95|101|90|89|38|18|21|32|31|,1,0.0515296,WORK
2131,79|95|101|90|89|38|18|21|135|139|,1,5.61411,WORK
2132,77|87|108|34|14|17|,1,0.709423,WORK
2133,46|45|63|71|170|162|159|,1,0.0293921,WORK
2134,79|,1,1.89847,WORK
2135,79|95|101|90|89|38|18|8|11|,1,0,WORK
2136,79|95|101|90|89|38|4|1|7|,1,1.74569,WORK
2137,46|45|61|69|146|145|,1,0,WORK
2138,73|56|,1,10.609,WORK
2139,73|,1,2.06749,WORK
2140,79|95|101|90|93|103|34|26|31|124|123|,1,0.211739,WORK
2141,46|45|63|71|170|162|,1,5.58637,WORK
2142,79|95|101|90|89|99|24|,1,0.0764328,WORK
2143,79|95|101|90|89|97|,1,0.252915,WORK
2144,46|45|63|71|170|,1,0.125447,WORK
2145,79|95|101|90|89|,1,1.95,WORK
2146,77|87|108|22|25|,1,0.0482851,WORK
2147,46|45|63|71|170|162|161|,1,0.0266705,WORK
2148,46|45|61|69|172|175|,1,0.0549712,WORK
2149,79|95|101|90|93|103|34|26|31|129|,1,0.280797,WORK
2150,79|95|101|90|89|99|24|12|15|,1,0.0810619,WORK
2151,46|45|61|69|146|,1,0.142164,WORK
2152,79|95|101|90|89|38|18|21|,1,0.0519256,WORK
2153,46|45|61|69|146|143|,1,0.00063665,WORK
2154,46|45|61|67|16|2|5|,1,0,WORK
2155,46|43|55|69|,1,0.0779059,WORK
2156,14|2|1|7|9|,1,0.455728,WORK
2157,14|17|66|69|166|,1,0.0445094,WORK
2158,14|17|110|86|76|73|56|59|,1,0.0920133,WORK
2159,14|17|110|104|92|91|100|94|78|46|,1,0.144335,WORK
2160,35|,1,0,WORK
2161,35|109|,1,0.0944775,WORK
2162,35|102|92|,1,0.173324,WORK
2163,35|102|92|91|,1,0.109867,WORK
2164,14|17|110|86|76|73|56|53|63|,1,0.0434647,WORK
2165,26|31|124|,1,1.02452,WORK
2166,14|,1,0.150153,WORK
2167,14|17|110|86|76|46|45|,1,0.863669,WORK
2168,14|2|1|,1,0.0365525,WORK
2169,14|17|110|86|76|73|56|55|,1,0.353611,WORK
2170,14|2|,1,0.896123,WORK
2171,14|17|110|86|83|95|,1,0.00052445,WORK
2173,37|133|137|146|141|149|,1,0.00219215,WORK
2174,37|133|,1,0.0011101,WORK
2175,37|,1,0.0454818,WORK
2176,14|17|110|86|76|75|,1,0.0719406,WORK
2177,35|109|86|,1,0.0916929,WORK
2178,35|102|,1,0.165515,WORK
2179,26|31|,1,0.059353,WORK
2180,26|33|135|139|,1,0.873004,WORK
2181,14|17|,1,0.58485,WORK
2182,37|133|137|146|145|155|,1,0,WORK
2183,14|17|110|86|83|,1,0.0384948,WORK
2184,26|,1,0,WORK
2185,14|2|1|7|,1,0.518988,WORK
2186,14|17|66|69|146|145|,1,0,WORK
2187,14|17|110|104|92|91|100|94|78|46|43|,1,0.0471648,WORK
2188,14|17|110|86|76|73|,1,0.0781379,WORK
2189,26|31|124|123|,1,0.620837,WORK
2190,37|133|137|172|162|,1,0.828567,WORK
2191,14|13|,1,0.502734,WORK
2192,14|2|5|41|,1,0.039689,WORK
2193,14|17|66|69|172|,1,0.073423,WORK
2194,14|2|5|39|,1,0.349957,WORK
2195,14|13|25|,1,0.0751953,WORK
2196,14|17|66|69|172|162|161|,1,0.00541025,WORK
2197,14|17|66|69|172|175|,1,0.75588,WORK
2198,26|31|129|,1,0.0102374,WORK
2199,14|17|110|86|76|,1,0.0366665,WORK
2200,14|17|66|69|146|,1,3.8406,WORK
2202,14|17|66|69|146|143|,1,0.0001071,WORK
2203,14|2|5|,1,0,WORK
2204,14|17|66|69|,1,0.535151,WORK
2205,141|138|134|20|,1,66.3699,WORK
2206,143|151|,1,18.9697,WORK
2207,145|155|158|163|171|,1,4.78732,WORK
2209,147|68|67|110|108|,1,0,WORK
2210,141|130|129|134|20|19|39|99|24|23|109|,1,47.4349,WORK
2211,141|130|30|27|14|13|25|98|88|,1,14.2377,WORK
2212,141|130|30|27|14|13|25|106|92|91|,1,4.64064,WORK
2213,145|155|158|163|171|70|,1,7.937,WORK
2214,145|153|148|126|122|,1,33.555,WORK
2215,141|130|30|33|20|19|4|3|,1,10.5166,WORK
2216,143|151|167|172|171|70|64|60|,1,31.9723,WORK
2217,141|138|134|20|19|4|1|,1,1.73984,WORK
2218,145|153|148|130|30|27|14|13|25|106|105|86|83|78|73|56|53|61|,1,40.5272,WORK
2219,141|130|30|33|20|19|4|,1,14.587,WORK
2220,141|138|134|20|19|39|88|91|100|,1,2.15365,WORK
2221,141|130|30|29|,0.268942,100.01,WORK
2221,147|136|120|,0.268919,100.001,WORK
2221,145|153|148|130|124|116|,0.268933,100.006,WORK
2221,143|151|167|172|171|58|57|81|108|34|37|118|,0.193206,71.8462,WORK
2222,141|149|,1,1.62288,WORK
2223,141|130|30|27|37|133|,1,0.804434,WORK
2224,145|153|148|130|30|27|37|,1,8.75247,WORK
2225,143|151|167|172|171|58|42|51|,1,16.0753,WORK
2227,143|151|167|68|67|16|13|25|106|,0.5625,36.2795,WORK
2227,143|151|167|68|67|16|13|25|106|,0.209239,13.4953,WORK
2227,143|151|167|172|171|58|57|72|77|85|,0.228261,14.7221,WORK
2228,145|153|148|130|,1,7.69719,WORK
2229,145|153|148|,1,83.4578,WORK
2230,143|151|167|172|171|58|42|47|77|87|108|34|14|17|,1,20.1922,WORK
2231,145|155|,1,1.51114,WORK
2232,145|153|148|130|30|27|14|13|25|106|92|91|100|94|,1,5.18054,WORK
2233,141|130|30|,1,0,WORK
2234,143|151|167|68|67|16|2|1|7|,1,50.227,WORK
2235,145|,1,0.0047209,WORK
2236,145|153|148|130|30|27|14|13|23|109|86|83|78|73|56|,1,19.4807,WORK
2237,145|153|148|130|30|27|37|112|110|86|76|73|,1,6.70997,WORK
2238,145|153|148|126|,1,1.96152,WORK
2239,143|151|156|,1,25.754,WORK
2240,145|153|148|130|30|27|14|13|,1,11.5361,WORK
2241,141|138|134|20|19|41|,1,0.566734,WORK
2242,143|151|156|163|,1,24.5305,WORK
2244,145|153|148|130|30|27|14|13|25|,1,7.59565,WORK
2245,143|151|156|161|,1,1.56004,WORK
2246,145|155|158|165|,1,42.0453,WORK
2251,143|,1,0.126768,WORK
2252,147|68|67|16|2|5|,1,0,WORK
2253,143|151|167|,1,9.13637,WORK
2254,20|,1,2.79729,WORK
2255,32|31|131|149|152|144|143|151|,1,0.0390226,WORK
2256,32|31|131|149|152|155|158|163|171|,1,0.0753406,WORK
2257,32|31|131|149|152|155|158|163|171|58|42|,1,0.242458,WORK
2258,20|19|39|99|24|23|,1,0,WORK
2259,32|27|37|112|110|,1,0.567858,WORK
2260,20|19|39|88|,1,0.375619,WORK
2261,20|19|39|88|91|,1,0.0133849,WORK
2262,32|31|131|149|152|155|158|163|171|70|,1,0.0518797,WORK
2263,32|31|124|,1,0.994596,WORK
2264,20|19|4|3|,1,0.0288974,WORK
2265,32|31|131|149|152|155|158|163|171|70|62|,1,0.0535678,WORK
2266,20|8|6|,1,0.015028,WORK
2267,32|27|14|13|23|109|86|76|73|56|53|61|,1,2.09252,WORK
2268,20|19|4|,1,0.154244,WORK
2269,20|19|39|88|91|100|,1,0.0002788,WORK
2271,135|139|149|,1,0.0009877,WORK
2272,20|19|4|3|17|115|,1,0.00725475,WORK
2273,32|27|37|,1,0.094724,WORK
2274,20|19|39|88|91|100|94|78|75|,1,0.0306952,WORK
2275,32|27|35|109|86|,1,0.0955952,WORK
2276,20|19|39|99|106|,1,0.169974,WORK
2277,32|31|,1,0.268535,WORK
2278,32|31|131|,1,0.293031,WORK
2279,32|27|14|17|,1,0.307488,WORK
2280,135|139|149|152|155|,1,0,WORK
2281,20|19|39|88|91|100|94|,1,0.0259403,WORK
2282,32|,1,0,WORK
2283,20|19|4|1|7|,1,0.788576,WORK
2284,135|139|140|145|,1,0,WORK
2285,20|19|39|88|91|100|94|78|46|43|,1,5.92557,WORK
2286,20|19|39|88|91|100|94|78|73|,1,0.21333,WORK
2287,32|29|117|123|,1,0.0097274,WORK
2288,32|31|131|149|152|144|143|151|156|,1,0.781438,WORK
2289,32|27|14|13|,1,0.453297,WORK
2290,20|19|41|,1,0.016212,WORK
2291,32|31|131|149|152|155|158|163|,1,0.0551225,WORK
2292,32|27|14|13|25|98|,1,1.54337,WORK
2293,32|27|14|13|25|,1,0.230178,WORK
2294,32|31|131|149|152|155|158|161|,1,0.0261409,WORK
2295,32|31|131|149|152|155|158|165|,1,0.0973616,WORK
2296,32|31|129|,1,0.0787712,WORK
2297,20|19|39|88|91|100|94|78|,1,0.131299,WORK
2298,32|27|,1,0.00648465,WORK
2299,32|31|131|149|152|144|,1,2.92312,WORK
2300,135|139|140|143|,1,0,WORK
2301,20|19|,1,0,WORK
2302,32|31|131|149|152|155|158|157|167|,1,0.53544,WORK
2303,142|141|138|134|20|,1,0.0039712,WORK
2304,151|,1,0.0153535,WORK
2305,151|156|163|171|,1,0.00262395,WORK
2306,151|167|172|171|58|42|,1,0.191253,WORK
2307,142|147|68|67|110|108|,1,0,WORK
2308,142|147|68|67|110|,1,3.23e-05,WORK
2309,142|147|68|67|110|104|92|,1,8.5e-06,WORK
2310,142|147|172|171|58|42|47|79|95|101|,1,0,WORK
2311,142|147|68|65|,1,0,WORK
2312,142|141|130|124|,1,0.019635,WORK
2313,142|147|68|67|16|,1,1.7e-05,WORK
2314,142|147|68|60|,1,0.00022865,WORK
2315,142|141|130|30|10|6|,1,0.0001173,WORK
2316,151|167|172|171|58|55|,1,0.0441507,WORK
2317,142|141|138|134|32|10|6|0|,1,0.0059857,WORK
2318,142|147|68|67|110|86|83|95|,1,0,WORK
2319,142|141|126|122|116|,1,0.786151,WORK
2320,142|141|149|,1,0,WORK
2321,142|147|136|,1,0,WORK
2322,142|147|136|132|,1,0.00305405,WORK
2323,142|147|172|171|58|42|51|,1,0.0015623,WORK
2324,151|167|172|171|58|42|47|77|,1,0.0881033,WORK
2325,142|147|172|171|58|57|72|77|85|,1,0.00142545,WORK
2326,142|141|130|,1,0.0199274,WORK
2327,142|141|,1,0.0294423,WORK
2328,142|147|136|114|,1,0.0013719,WORK
2329,142|145|155|,1,0,WORK
2330,142|147|172|171|58|57|72|79|,1,2.465e-05,WORK
2331,142|141|138|134|32|,1,0,WORK
2332,142|141|138|134|20|8|,1,0.0194446,WORK
2333,142|145|,1,0,WORK
2334,142|147|68|54|,1,0.0002958,WORK
2335,142|147|68|67|110|80|,1,0,WORK
2336,142|141|126|,1,0,WORK
2337,151|156|,1,0.27887,WORK
2338,142|147|68|67|16|13|,1,4.165e-05,WORK
2339,142|141|138|134|20|19|41|,1,0,WORK
2340,142|147|172|,1,0.0055658,WORK
2341,142|141|138|134|20|19|39|,1,0.0113126,WORK
2342,142|147|68|67|110|104|107|,1,5.1e-06,WORK
2343,151|156|161|,1,0.00277695,WORK
2344,151|156|165|,1,0.0055862,WORK
2345,142|141|138|,1,1.445e-05,WORK
2346,142|147|68|60|44|47|,1,0.0040545,WORK
2347,151|167|68|67|16|15|,1,0.00229075,WORK
2348,142|,1,0.00451435,WORK
2349,142|141|138|134|,1,6.8e-06,WORK
2350,142|147|68|67|16|2|5|,1,0,WORK
2351,142|147|,1,1.955e-05,WORK
2352,18|,1,0,WORK
2353,4|3|17|66|69|166|,1,0,WORK
2354,4|3|17|66|54|59|,1,0,WORK
2355,4|3|17|66|54|42|,1,0,WORK
2356,4|3|13|23|,1,0,WORK
2357,4|3|17|110|,1,0,WORK
2358,39|88|,1,0,WORK
2359,39|88|91|,1,0,WORK
2360,4|3|17|66|65|,1,0,WORK
2361,4|3|17|115|120|117|,1,0,WORK
2362,4|3|,1,0,WORK
2363,4|3|17|66|60|,1,0,WORK
2364,4|1|,1,0,WORK
2365,4|3|17|66|,1,0,WORK
2366,4|,1,0,WORK
2367,39|88|91|100|,1,0,WORK
2368,4|3|15|26|29|,1,0,WORK
2369,4|3|17|66|69|146|141|149|,1,0,WORK
2370,4|3|17|115|,1,0,WORK
2371,4|3|15|37|,1,0,WORK
2372,4|3|17|110|80|48|51|,1,0,WORK
2373,4|3|17|110|86|,1,0,WORK
2374,39|99|106|,1,0,WORK
2375,4|3|15|26|31|,1,0,WORK
2376,4|3|17|113|118|117|123|127|,1,0,WORK
2377,4|3|17|,1,0,WORK
2378,4|3|17|115|137|172|162|159|,1,0,WORK
2379,4|3|17|110|80|72|79|,1,0,WORK
2380,4|1|7|11|,1,0,WORK
2381,18|8|,1,0,WORK
2382,4|3|17|66|69|146|145|,1,0,WORK
2383,4|3|17|66|54|,1,0,WORK
2384,4|3|17|110|80|,1,0,WORK
2385,4|1|7|11|31|124|123|,1,0,WORK
2386,4|3|17|66|69|166|156|,1,0,WORK
2387,4|3|13|,1,0,WORK
2388,41|,1,0,WORK
2389,4|3|17|115|137|172|,1,0,WORK
2390,39|,1,0,WORK
2391,39|99|,1,0,WORK
2392,4|3|17|66|69|172|162|161|,1,0,WORK
2393,4|3|17|66|69|172|175|,1,0,WORK
2394,4|3|17|113|118|117|125|129|,1,0,WORK
2395,4|3|17|66|60|44|47|,1,0,WORK
2396,4|3|15|,1,0,WORK
2397,4|3|17|66|69|146|,1,0,WORK
2398,18|21|,1,0,WORK
2399,4|3|17|66|69|146|143|,1,0,WORK
2400,4|3|17|66|69|,1,0,WORK
2401,172|171|58|57|72|77|87|108|22|25|98|38|18|,1,0.413015,WORK
2402,166|,1,0.12344,WORK
2403,146|145|153|148|130|30|27|14|13|23|109|86|76|73|56|59|,1,1.11977,WORK
2405,68|67|110|108|,1,0,WORK
2406,172|171|58|57|72|77|87|,1,0.149623,WORK
2407,172|171|58|57|72|77|85|92|,1,0.0847713,WORK
2408,136|132|36|35|102|92|91|,1,0.00324275,WORK
2411,146|141|130|30|27|14|,1,0.351486,WORK
2413,172|171|58|57|81|108|34|26|10|6|,1,1.12839,WORK
2415,146|145|153|148|130|30|27|14|2|,1,0.376129,WORK
2416,172|171|58|57|72|79|95|,1,0.0226976,WORK
2418,146|141|149|,1,0.0005746,WORK
2419,136|,1,0.00306935,WORK
2420,146|141|138|134|32|27|37|,1,0.0523991,WORK
2421,146|141|130|30|27|37|112|110|86|76|75|,1,0.0368866,WORK
2427,146|145|155|,1,0.0015878,WORK
2428,146|145|153|148|130|30|27|14|13|25|106|92|91|100|94|,1,0.0390048,WORK
2429,68|67|113|36|26|,1,0,WORK
2430,172|171|58|57|81|104|107|98|38|4|1|7|,1,11.5814,WORK
2431,146|145|,1,0,WORK
2433,172|171|58|57|,1,0.36354,WORK
2434,146|145|153|148|126|,1,0.0191717,WORK
2435,166|156|,1,16.7305,WORK
2438,172|,1,9.38762,WORK
2440,172|171|58|57|81|104|107|,1,0.151794,WORK
2441,166|156|161|,1,0.489893,WORK
2442,172|175|,1,0.16283,WORK
2443,172|171|58|57|81|111|113|118|28|31|129|,1,0.204277,WORK
2446,146|,1,0.222498,WORK
2447,146|145|153|148|138|134|,1,0.032425,WORK
2448,146|143|,1,0,WORK
2449,68|67|16|2|5|,1,0,WORK
