tunnelID,src,dst,bandwidth,priority,Affinity,delay,hop,explicitPath,antiFaultType,resourceReserveType,exclude_links,exclude_nodes,isNormalTunnel
0,0,1,0.000102,3,,10000,100,,,,,,1
1,0,2,0.0,3,,10000,100,,,,,,1
2,0,3,0.008403,3,,10000,100,,,,,,1
3,0,4,0.0,3,,10000,100,,,,,,1
4,0,5,0.054789,3,,10000,100,,,,,,1
5,0,6,0.003169,3,,10000,100,,,,,,1
6,0,7,0.0,3,,10000,100,,,,,,1
7,0,8,0.136917,3,,10000,100,,,,,,1
8,0,9,5.936516,3,,10000,100,,,,,,1
9,0,10,0.001658,3,,10000,100,,,,,,1
10,0,11,0.04008,3,,10000,100,,,,,,1
11,0,12,0.0,3,,10000,100,,,,,,1
12,0,13,0.656044,3,,10000,100,,,,,,1
13,0,14,0.117671,3,,10000,100,,,,,,1
14,0,15,0.0,3,,10000,100,,,,,,1
15,0,16,108.637011,3,,10000,100,,,,,,1
16,0,17,0.0,3,,10000,100,,,,,,1
17,0,18,0.0,3,,10000,100,,,,,,1
18,0,19,0.000148,3,,10000,100,,,,,,1
19,0,20,0.00058,3,,10000,100,,,,,,1
20,0,21,1.459513,3,,10000,100,,,,,,1
21,0,22,0.013458,3,,10000,100,,,,,,1
22,0,23,0.003031,3,,10000,100,,,,,,1
23,0,24,1.051229,3,,10000,100,,,,,,1
24,0,25,0.399066,3,,10000,100,,,,,,1
25,0,26,0.0,3,,10000,100,,,,,,1
26,0,27,0.0,3,,10000,100,,,,,,1
27,0,28,0.0,3,,10000,100,,,,,,1
28,0,29,2.463842,3,,10000,100,,,,,,1
29,0,30,0.0,3,,10000,100,,,,,,1
30,0,31,0.055308,3,,10000,100,,,,,,1
31,0,32,0.0,3,,10000,100,,,,,,1
32,0,33,0.0,3,,10000,100,,,,,,1
33,0,34,0.135155,3,,10000,100,,,,,,1
34,0,35,0.001971,3,,10000,100,,,,,,1
35,0,36,0.0,3,,10000,100,,,,,,1
36,0,37,0.002197,3,,10000,100,,,,,,1
37,0,38,0.029221,3,,10000,100,,,,,,1
38,0,39,0.0,3,,10000,100,,,,,,1
39,0,40,0.0,3,,10000,100,,,,,,1
40,0,41,0.001762,3,,10000,100,,,,,,1
41,0,42,0.0,3,,10000,100,,,,,,1
42,0,43,0.021164,3,,10000,100,,,,,,1
43,0,44,0.0,3,,10000,100,,,,,,1
44,0,45,27.787938,3,,10000,100,,,,,,1
45,0,46,0.0,3,,10000,100,,,,,,1
46,0,47,0.0,3,,10000,100,,,,,,1
47,0,48,0.0,3,,10000,100,,,,,,1
48,0,49,0.000102,3,,10000,100,,,,,,1
49,1,0,0.0,3,,10000,100,,,,,,1
50,1,2,0.0,3,,10000,100,,,,,,1
51,1,3,0.025516,3,,10000,100,,,,,,1
52,1,4,0.0,3,,10000,100,,,,,,1
53,1,5,0.000585,3,,10000,100,,,,,,1
54,1,6,0.0,3,,10000,100,,,,,,1
55,1,7,0.0,3,,10000,100,,,,,,1
56,1,8,2e-06,3,,10000,100,,,,,,1
57,1,9,0.04619,3,,10000,100,,,,,,1
58,1,10,0.000181,3,,10000,100,,,,,,1
59,1,11,0.0,3,,10000,100,,,,,,1
60,1,12,0.0,3,,10000,100,,,,,,1
61,1,13,0.54952,3,,10000,100,,,,,,1
62,1,14,6e-06,3,,10000,100,,,,,,1
63,1,15,0.0,3,,10000,100,,,,,,1
64,1,16,1.814877,3,,10000,100,,,,,,1
65,1,17,0.0,3,,10000,100,,,,,,1
66,1,18,0.0,3,,10000,100,,,,,,1
67,1,19,5e-06,3,,10000,100,,,,,,1
68,1,20,0.0,3,,10000,100,,,,,,1
69,1,21,0.0,3,,10000,100,,,,,,1
70,1,22,0.000549,3,,10000,100,,,,,,1
71,1,23,0.000493,3,,10000,100,,,,,,1
72,1,24,0.012714,3,,10000,100,,,,,,1
73,1,25,0.0,3,,10000,100,,,,,,1
74,1,26,0.0,3,,10000,100,,,,,,1
75,1,27,0.0,3,,10000,100,,,,,,1
76,1,28,0.0,3,,10000,100,,,,,,1
77,1,29,0.009534,3,,10000,100,,,,,,1
78,1,30,0.0,3,,10000,100,,,,,,1
79,1,31,0.00538,3,,10000,100,,,,,,1
80,1,32,3.5e-05,3,,10000,100,,,,,,1
81,1,33,0.0,3,,10000,100,,,,,,1
82,1,34,0.481919,3,,10000,100,,,,,,1
83,1,35,1.2e-05,3,,10000,100,,,,,,1
84,1,36,0.0,3,,10000,100,,,,,,1
85,1,37,0.007062,3,,10000,100,,,,,,1
86,1,38,0.004376,3,,10000,100,,,,,,1
87,1,39,0.0,3,,10000,100,,,,,,1
88,1,40,0.0,3,,10000,100,,,,,,1
89,1,41,0.000448,3,,10000,100,,,,,,1
90,1,42,3.9e-05,3,,10000,100,,,,,,1
91,1,43,0.000193,3,,10000,100,,,,,,1
92,1,44,0.0,3,,10000,100,,,,,,1
93,1,45,2e-06,3,,10000,100,,,,,,1
94,1,46,0.0,3,,10000,100,,,,,,1
95,1,47,0.0,3,,10000,100,,,,,,1
96,1,48,0.0,3,,10000,100,,,,,,1
97,1,49,0.0,3,,10000,100,,,,,,1
98,2,0,0.0,3,,10000,100,,,,,,1
99,2,1,0.0,3,,10000,100,,,,,,1
100,2,3,0.162376,3,,10000,100,,,,,,1
101,2,4,0.0,3,,10000,100,,,,,,1
102,2,5,10.136552,3,,10000,100,,,,,,1
103,2,6,0.0,3,,10000,100,,,,,,1
104,2,7,0.0,3,,10000,100,,,,,,1
105,2,8,0.0,3,,10000,100,,,,,,1
106,2,9,0.403234,3,,10000,100,,,,,,1
107,2,10,0.00324,3,,10000,100,,,,,,1
108,2,11,0.0,3,,10000,100,,,,,,1
109,2,12,0.0,3,,10000,100,,,,,,1
110,2,13,0.067067,3,,10000,100,,,,,,1
111,2,14,1.1e-05,3,,10000,100,,,,,,1
112,2,15,0.0,3,,10000,100,,,,,,1
113,2,16,14.984556,3,,10000,100,,,,,,1
114,2,17,0.0,3,,10000,100,,,,,,1
115,2,18,0.0,3,,10000,100,,,,,,1
116,2,19,2e-06,3,,10000,100,,,,,,1
117,2,20,0.0,3,,10000,100,,,,,,1
118,2,21,0.0,3,,10000,100,,,,,,1
119,2,22,0.002345,3,,10000,100,,,,,,1
120,2,23,0.0,3,,10000,100,,,,,,1
121,2,24,0.036277,3,,10000,100,,,,,,1
122,2,25,0.022654,3,,10000,100,,,,,,1
123,2,26,0.0,3,,10000,100,,,,,,1
124,2,27,0.0,3,,10000,100,,,,,,1
125,2,28,0.0,3,,10000,100,,,,,,1
126,2,29,0.002281,3,,10000,100,,,,,,1
127,2,30,0.0,3,,10000,100,,,,,,1
128,2,31,0.439314,3,,10000,100,,,,,,1
129,2,32,0.0,3,,10000,100,,,,,,1
130,2,33,0.0,3,,10000,100,,,,,,1
131,2,34,2.016785,3,,10000,100,,,,,,1
132,2,35,0.0,3,,10000,100,,,,,,1
133,2,36,0.0,3,,10000,100,,,,,,1
134,2,37,0.014622,3,,10000,100,,,,,,1
135,2,38,0.000362,3,,10000,100,,,,,,1
136,2,39,0.0,3,,10000,100,,,,,,1
137,2,40,0.0,3,,10000,100,,,,,,1
138,2,41,0.0012,3,,10000,100,,,,,,1
139,2,42,0.0,3,,10000,100,,,,,,1
140,2,43,0.05011,3,,10000,100,,,,,,1
141,2,44,0.0,3,,10000,100,,,,,,1
142,2,45,3e-06,3,,10000,100,,,,,,1
143,2,46,0.0,3,,10000,100,,,,,,1
144,2,47,0.0,3,,10000,100,,,,,,1
145,2,48,0.0,3,,10000,100,,,,,,1
146,2,49,0.000153,3,,10000,100,,,,,,1
147,3,0,0.21767,3,,10000,100,,,,,,1
148,3,1,0.002284,3,,10000,100,,,,,,1
149,3,2,0.004621,3,,10000,100,,,,,,1
150,3,4,0.0,3,,10000,100,,,,,,1
151,3,5,0.289934,3,,10000,100,,,,,,1
152,3,6,0.073847,3,,10000,100,,,,,,1
153,3,7,0.013565,3,,10000,100,,,,,,1
154,3,8,0.342717,3,,10000,100,,,,,,1
155,3,9,2.77417,3,,10000,100,,,,,,1
156,3,10,0.007468,3,,10000,100,,,,,,1
157,3,11,0.448601,3,,10000,100,,,,,,1
158,3,12,0.000296,3,,10000,100,,,,,,1
159,3,13,3.448842,3,,10000,100,,,,,,1
160,3,14,0.048768,3,,10000,100,,,,,,1
161,3,15,0.001059,3,,10000,100,,,,,,1
162,3,16,99.451936,3,,10000,100,,,,,,1
163,3,17,0.0,3,,10000,100,,,,,,1
164,3,18,0.0,3,,10000,100,,,,,,1
165,3,19,0.029697,3,,10000,100,,,,,,1
166,3,20,0.063749,3,,10000,100,,,,,,1
167,3,21,0.430997,3,,10000,100,,,,,,1
168,3,22,0.397068,3,,10000,100,,,,,,1
169,3,23,0.008985,3,,10000,100,,,,,,1
170,3,24,0.451899,3,,10000,100,,,,,,1
171,3,25,33.006137,3,,10000,100,,,,,,1
172,3,26,0.0,3,,10000,100,,,,,,1
173,3,27,0.017283,3,,10000,100,,,,,,1
174,3,28,0.0,3,,10000,100,,,,,,1
175,3,29,1.033479,3,,10000,100,,,,,,1
176,3,30,0.0,3,,10000,100,,,,,,1
177,3,31,16.797605,3,,10000,100,,,,,,1
178,3,32,0.269184,3,,10000,100,,,,,,1
179,3,33,0.026239,3,,10000,100,,,,,,1
180,3,34,14.480913,3,,10000,100,,,,,,1
181,3,35,0.168486,3,,10000,100,,,,,,1
182,3,36,1.6e-05,3,,10000,100,,,,,,1
183,3,37,0.059314,3,,10000,100,,,,,,1
184,3,38,0.103745,3,,10000,100,,,,,,1
185,3,39,0.171609,3,,10000,100,,,,,,1
186,3,40,8.9e-05,3,,10000,100,,,,,,1
187,3,41,0.020267,3,,10000,100,,,,,,1
188,3,42,0.012141,3,,10000,100,,,,,,1
189,3,43,0.108822,3,,10000,100,,,,,,1
190,3,44,0.000537,3,,10000,100,,,,,,1
191,3,45,0.105105,3,,10000,100,,,,,,1
192,3,46,0.004228,3,,10000,100,,,,,,1
193,3,47,0.000122,3,,10000,100,,,,,,1
194,3,48,0.0,3,,10000,100,,,,,,1
195,3,49,0.089137,3,,10000,100,,,,,,1
196,4,0,0.0,3,,10000,100,,,,,,1
197,4,1,0.0,3,,10000,100,,,,,,1
198,4,2,0.0,3,,10000,100,,,,,,1
199,4,3,0.0,3,,10000,100,,,,,,1
200,4,5,0.0,3,,10000,100,,,,,,1
201,4,6,0.0,3,,10000,100,,,,,,1
202,4,7,0.0,3,,10000,100,,,,,,1
203,4,8,0.0,3,,10000,100,,,,,,1
204,4,9,0.0,3,,10000,100,,,,,,1
205,4,10,0.0,3,,10000,100,,,,,,1
206,4,11,0.0,3,,10000,100,,,,,,1
207,4,12,0.0,3,,10000,100,,,,,,1
208,4,13,0.0,3,,10000,100,,,,,,1
209,4,14,0.0,3,,10000,100,,,,,,1
210,4,15,0.0,3,,10000,100,,,,,,1
211,4,16,0.0,3,,10000,100,,,,,,1
212,4,17,0.0,3,,10000,100,,,,,,1
213,4,18,0.0,3,,10000,100,,,,,,1
214,4,19,0.0,3,,10000,100,,,,,,1
215,4,20,0.0,3,,10000,100,,,,,,1
216,4,21,0.0,3,,10000,100,,,,,,1
217,4,22,0.0,3,,10000,100,,,,,,1
218,4,23,0.0,3,,10000,100,,,,,,1
219,4,24,0.0,3,,10000,100,,,,,,1
220,4,25,0.0,3,,10000,100,,,,,,1
221,4,26,0.0,3,,10000,100,,,,,,1
222,4,27,0.0,3,,10000,100,,,,,,1
223,4,28,0.0,3,,10000,100,,,,,,1
224,4,29,0.0,3,,10000,100,,,,,,1
225,4,30,0.0,3,,10000,100,,,,,,1
226,4,31,0.0,3,,10000,100,,,,,,1
227,4,32,0.0,3,,10000,100,,,,,,1
228,4,33,0.0,3,,10000,100,,,,,,1
229,4,34,0.0,3,,10000,100,,,,,,1
230,4,35,0.0,3,,10000,100,,,,,,1
231,4,36,0.0,3,,10000,100,,,,,,1
232,4,37,0.0,3,,10000,100,,,,,,1
233,4,38,0.0,3,,10000,100,,,,,,1
234,4,39,0.0,3,,10000,100,,,,,,1
235,4,40,0.0,3,,10000,100,,,,,,1
236,4,41,0.0,3,,10000,100,,,,,,1
237,4,42,0.0,3,,10000,100,,,,,,1
238,4,43,0.0,3,,10000,100,,,,,,1
239,4,44,0.0,3,,10000,100,,,,,,1
240,4,45,0.0,3,,10000,100,,,,,,1
241,4,46,0.0,3,,10000,100,,,,,,1
242,4,47,0.0,3,,10000,100,,,,,,1
243,4,48,0.0,3,,10000,100,,,,,,1
244,4,49,0.0,3,,10000,100,,,,,,1
245,5,0,2.077619,3,,10000,100,,,,,,1
246,5,1,1e-05,3,,10000,100,,,,,,1
247,5,2,0.192972,3,,10000,100,,,,,,1
248,5,3,1.015161,3,,10000,100,,,,,,1
249,5,4,0.0,3,,10000,100,,,,,,1
250,5,6,0.009459,3,,10000,100,,,,,,1
251,5,7,3.3e-05,3,,10000,100,,,,,,1
252,5,8,2.7e-05,3,,10000,100,,,,,,1
253,5,9,2.482947,3,,10000,100,,,,,,1
254,5,10,0.000217,3,,10000,100,,,,,,1
255,5,11,0.005639,3,,10000,100,,,,,,1
256,5,12,4.3e-05,3,,10000,100,,,,,,1
257,5,13,0.477273,3,,10000,100,,,,,,1
258,5,14,0.001696,3,,10000,100,,,,,,1
259,5,15,0.0,3,,10000,100,,,,,,1
260,5,16,60.246973,3,,10000,100,,,,,,1
261,5,17,4e-06,3,,10000,100,,,,,,1
262,5,18,3.5e-05,3,,10000,100,,,,,,1
263,5,19,0.000264,3,,10000,100,,,,,,1
264,5,20,0.00064,3,,10000,100,,,,,,1
265,5,21,0.003468,3,,10000,100,,,,,,1
266,5,22,7.903751,3,,10000,100,,,,,,1
267,5,23,6.8e-05,3,,10000,100,,,,,,1
268,5,24,0.00337,3,,10000,100,,,,,,1
269,5,25,0.042352,3,,10000,100,,,,,,1
270,5,26,2e-06,3,,10000,100,,,,,,1
271,5,27,4.5e-05,3,,10000,100,,,,,,1
272,5,28,0.0,3,,10000,100,,,,,,1
273,5,29,0.307418,3,,10000,100,,,,,,1
274,5,30,0.0,3,,10000,100,,,,,,1
275,5,31,0.006287,3,,10000,100,,,,,,1
276,5,32,0.046045,3,,10000,100,,,,,,1
277,5,33,0.000155,3,,10000,100,,,,,,1
278,5,34,4.774599,3,,10000,100,,,,,,1
279,5,35,0.005275,3,,10000,100,,,,,,1
280,5,36,2.5e-05,3,,10000,100,,,,,,1
281,5,37,0.001132,3,,10000,100,,,,,,1
282,5,38,0.125606,3,,10000,100,,,,,,1
283,5,39,0.001355,3,,10000,100,,,,,,1
284,5,40,3.5e-05,3,,10000,100,,,,,,1
285,5,41,0.00342,3,,10000,100,,,,,,1
286,5,42,0.000631,3,,10000,100,,,,,,1
287,5,43,0.000874,3,,10000,100,,,,,,1
288,5,44,7.2e-05,3,,10000,100,,,,,,1
289,5,45,0.006618,3,,10000,100,,,,,,1
290,5,46,1.4e-05,3,,10000,100,,,,,,1
291,5,47,0.0,3,,10000,100,,,,,,1
292,5,48,0.0,3,,10000,100,,,,,,1
293,5,49,0.00015,3,,10000,100,,,,,,1
294,6,0,0.069194,3,,10000,100,,,,,,1
295,6,1,0.0,3,,10000,100,,,,,,1
296,6,2,0.0,3,,10000,100,,,,,,1
297,6,3,0.078736,3,,10000,100,,,,,,1
298,6,4,0.0,3,,10000,100,,,,,,1
299,6,5,0.002777,3,,10000,100,,,,,,1
300,6,7,0.000203,3,,10000,100,,,,,,1
301,6,8,0.000158,3,,10000,100,,,,,,1
302,6,9,0.937622,3,,10000,100,,,,,,1
303,6,10,0.0,3,,10000,100,,,,,,1
304,6,11,0.019366,3,,10000,100,,,,,,1
305,6,12,0.003698,3,,10000,100,,,,,,1
306,6,13,5.735828,3,,10000,100,,,,,,1
307,6,14,0.00282,3,,10000,100,,,,,,1
308,6,15,0.0,3,,10000,100,,,,,,1
309,6,16,48.717668,3,,10000,100,,,,,,1
310,6,17,0.0,3,,10000,100,,,,,,1
311,6,18,0.0,3,,10000,100,,,,,,1
312,6,19,0.0,3,,10000,100,,,,,,1
313,6,20,0.0,3,,10000,100,,,,,,1
314,6,21,0.044619,3,,10000,100,,,,,,1
315,6,22,13.715268,3,,10000,100,,,,,,1
316,6,23,8e-06,3,,10000,100,,,,,,1
317,6,24,0.000315,3,,10000,100,,,,,,1
318,6,25,0.000415,3,,10000,100,,,,,,1
319,6,26,0.0,3,,10000,100,,,,,,1
320,6,27,0.0,3,,10000,100,,,,,,1
321,6,28,0.0,3,,10000,100,,,,,,1
322,6,29,0.093768,3,,10000,100,,,,,,1
323,6,30,0.0,3,,10000,100,,,,,,1
324,6,31,0.001175,3,,10000,100,,,,,,1
325,6,32,0.0,3,,10000,100,,,,,,1
326,6,33,0.0,3,,10000,100,,,,,,1
327,6,34,1.214663,3,,10000,100,,,,,,1
328,6,35,0.0,3,,10000,100,,,,,,1
329,6,36,0.0,3,,10000,100,,,,,,1
330,6,37,0.002825,3,,10000,100,,,,,,1
331,6,38,0.054913,3,,10000,100,,,,,,1
332,6,39,0.000153,3,,10000,100,,,,,,1
333,6,40,0.0,3,,10000,100,,,,,,1
334,6,41,0.0,3,,10000,100,,,,,,1
335,6,42,0.0,3,,10000,100,,,,,,1
336,6,43,0.000549,3,,10000,100,,,,,,1
337,6,44,0.0,3,,10000,100,,,,,,1
338,6,45,0.000636,3,,10000,100,,,,,,1
339,6,46,0.0,3,,10000,100,,,,,,1
340,6,47,0.0,3,,10000,100,,,,,,1
341,6,48,0.0,3,,10000,100,,,,,,1
342,6,49,0.0,3,,10000,100,,,,,,1
343,7,0,0.0,3,,10000,100,,,,,,1
344,7,1,0.0,3,,10000,100,,,,,,1
345,7,2,0.0,3,,10000,100,,,,,,1
346,7,3,0.00823,3,,10000,100,,,,,,1
347,7,4,0.0,3,,10000,100,,,,,,1
348,7,5,2.7e-05,3,,10000,100,,,,,,1
349,7,6,0.000356,3,,10000,100,,,,,,1
350,7,8,4e-06,3,,10000,100,,,,,,1
351,7,9,0.06266,3,,10000,100,,,,,,1
352,7,10,4e-05,3,,10000,100,,,,,,1
353,7,11,6.4e-05,3,,10000,100,,,,,,1
354,7,12,0.0,3,,10000,100,,,,,,1
355,7,13,0.012172,3,,10000,100,,,,,,1
356,7,14,0.011462,3,,10000,100,,,,,,1
357,7,15,0.0,3,,10000,100,,,,,,1
358,7,16,4.636562,3,,10000,100,,,,,,1
359,7,17,0.0,3,,10000,100,,,,,,1
360,7,18,0.0,3,,10000,100,,,,,,1
361,7,19,0.0,3,,10000,100,,,,,,1
362,7,20,0.002217,3,,10000,100,,,,,,1
363,7,21,3.4e-05,3,,10000,100,,,,,,1
364,7,22,0.648732,3,,10000,100,,,,,,1
365,7,23,4e-06,3,,10000,100,,,,,,1
366,7,24,1.5e-05,3,,10000,100,,,,,,1
367,7,25,1e-06,3,,10000,100,,,,,,1
368,7,26,0.0,3,,10000,100,,,,,,1
369,7,27,2.8e-05,3,,10000,100,,,,,,1
370,7,28,0.0,3,,10000,100,,,,,,1
371,7,29,0.04488,3,,10000,100,,,,,,1
372,7,30,0.0,3,,10000,100,,,,,,1
373,7,31,0.000584,3,,10000,100,,,,,,1
374,7,32,1.2e-05,3,,10000,100,,,,,,1
375,7,33,1e-05,3,,10000,100,,,,,,1
376,7,34,0.06072,3,,10000,100,,,,,,1
377,7,35,0.0,3,,10000,100,,,,,,1
378,7,36,0.01456,3,,10000,100,,,,,,1
379,7,37,0.001859,3,,10000,100,,,,,,1
380,7,38,0.016585,3,,10000,100,,,,,,1
381,7,39,2e-06,3,,10000,100,,,,,,1
382,7,40,0.0,3,,10000,100,,,,,,1
383,7,41,2.2e-05,3,,10000,100,,,,,,1
384,7,42,0.0,3,,10000,100,,,,,,1
385,7,43,8.9e-05,3,,10000,100,,,,,,1
386,7,44,0.0,3,,10000,100,,,,,,1
387,7,45,3.5e-05,3,,10000,100,,,,,,1
388,7,46,0.0,3,,10000,100,,,,,,1
389,7,47,0.0,3,,10000,100,,,,,,1
390,7,48,0.0,3,,10000,100,,,,,,1
391,7,49,0.0,3,,10000,100,,,,,,1
392,8,0,0.56537,3,,10000,100,,,,,,1
393,8,1,0.0,3,,10000,100,,,,,,1
394,8,2,0.0,3,,10000,100,,,,,,1
395,8,3,0.800644,3,,10000,100,,,,,,1
396,8,4,0.0,3,,10000,100,,,,,,1
397,8,5,2e-06,3,,10000,100,,,,,,1
398,8,6,1.1e-05,3,,10000,100,,,,,,1
399,8,7,0.0,3,,10000,100,,,,,,1
400,8,9,7.101673,3,,10000,100,,,,,,1
401,8,10,1.2e-05,3,,10000,100,,,,,,1
402,8,11,23.999201,3,,10000,100,,,,,,1
403,8,12,0.0,3,,10000,100,,,,,,1
404,8,13,1.928505,3,,10000,100,,,,,,1
405,8,14,0.0,3,,10000,100,,,,,,1
406,8,15,0.0,3,,10000,100,,,,,,1
407,8,16,104.31765,3,,10000,100,,,,,,1
408,8,17,0.0,3,,10000,100,,,,,,1
409,8,18,0.0,3,,10000,100,,,,,,1
410,8,19,0.010864,3,,10000,100,,,,,,1
411,8,20,0.0,3,,10000,100,,,,,,1
412,8,21,0.333448,3,,10000,100,,,,,,1
413,8,22,1.29247,3,,10000,100,,,,,,1
414,8,23,0.0,3,,10000,100,,,,,,1
415,8,24,2.1e-05,3,,10000,100,,,,,,1
416,8,25,2.3e-05,3,,10000,100,,,,,,1
417,8,26,0.0,3,,10000,100,,,,,,1
418,8,27,0.0,3,,10000,100,,,,,,1
419,8,28,0.0,3,,10000,100,,,,,,1
420,8,29,2.068466,3,,10000,100,,,,,,1
421,8,30,0.0,3,,10000,100,,,,,,1
422,8,31,44.334842,3,,10000,100,,,,,,1
423,8,32,3.8e-05,3,,10000,100,,,,,,1
424,8,33,0.0,3,,10000,100,,,,,,1
425,8,34,14.894102,3,,10000,100,,,,,,1
426,8,35,6.7e-05,3,,10000,100,,,,,,1
427,8,36,0.0,3,,10000,100,,,,,,1
428,8,37,0.0,3,,10000,100,,,,,,1
429,8,38,0.294961,3,,10000,100,,,,,,1
430,8,39,0.0,3,,10000,100,,,,,,1
431,8,40,0.0,3,,10000,100,,,,,,1
432,8,41,8e-05,3,,10000,100,,,,,,1
433,8,42,0.0,3,,10000,100,,,,,,1
434,8,43,4.5e-05,3,,10000,100,,,,,,1
435,8,44,0.0,3,,10000,100,,,,,,1
436,8,45,0.0,3,,10000,100,,,,,,1
437,8,46,0.0,3,,10000,100,,,,,,1
438,8,47,0.0,3,,10000,100,,,,,,1
439,8,48,0.0,3,,10000,100,,,,,,1
440,8,49,0.0,3,,10000,100,,,,,,1
441,9,0,2.074628,3,,10000,100,,,,,,1
442,9,1,0.054505,3,,10000,100,,,,,,1
443,9,2,0.273598,3,,10000,100,,,,,,1
444,9,3,1.561895,3,,10000,100,,,,,,1
445,9,4,0.0,3,,10000,100,,,,,,1
446,9,5,0.550671,3,,10000,100,,,,,,1
447,9,6,0.516182,3,,10000,100,,,,,,1
448,9,7,0.012372,3,,10000,100,,,,,,1
449,9,8,1.010325,3,,10000,100,,,,,,1
450,9,10,0.189687,3,,10000,100,,,,,,1
451,9,11,1.281771,3,,10000,100,,,,,,1
452,9,12,0.126821,3,,10000,100,,,,,,1
453,9,13,1.135784,3,,10000,100,,,,,,1
454,9,14,0.419175,3,,10000,100,,,,,,1
455,9,15,0.0,3,,10000,100,,,,,,1
456,9,16,4.054662,3,,10000,100,,,,,,1
457,9,17,0.0,3,,10000,100,,,,,,1
458,9,18,0.004517,3,,10000,100,,,,,,1
459,9,19,0.052824,3,,10000,100,,,,,,1
460,9,20,0.972527,3,,10000,100,,,,,,1
461,9,21,0.902618,3,,10000,100,,,,,,1
462,9,22,0.720726,3,,10000,100,,,,,,1
463,9,23,0.338916,3,,10000,100,,,,,,1
464,9,24,0.050686,3,,10000,100,,,,,,1
465,9,25,1.343096,3,,10000,100,,,,,,1
466,9,26,0.029559,3,,10000,100,,,,,,1
467,9,27,0.079089,3,,10000,100,,,,,,1
468,9,28,0.0,3,,10000,100,,,,,,1
469,9,29,1.297329,3,,10000,100,,,,,,1
470,9,30,0.0,3,,10000,100,,,,,,1
471,9,31,0.601534,3,,10000,100,,,,,,1
472,9,32,0.573105,3,,10000,100,,,,,,1
473,9,33,0.007006,3,,10000,100,,,,,,1
474,9,34,0.339514,3,,10000,100,,,,,,1
475,9,35,0.509878,3,,10000,100,,,,,,1
476,9,36,0.00058,3,,10000,100,,,,,,1
477,9,37,0.569991,3,,10000,100,,,,,,1
478,9,38,0.189466,3,,10000,100,,,,,,1
479,9,39,0.073123,3,,10000,100,,,,,,1
480,9,40,0.004298,3,,10000,100,,,,,,1
481,9,41,0.055896,3,,10000,100,,,,,,1
482,9,42,0.036954,3,,10000,100,,,,,,1
483,9,43,1.234436,3,,10000,100,,,,,,1
484,9,44,0.003042,3,,10000,100,,,,,,1
485,9,45,0.225555,3,,10000,100,,,,,,1
486,9,46,0.000971,3,,10000,100,,,,,,1
487,9,47,0.0,3,,10000,100,,,,,,1
488,9,48,0.0,3,,10000,100,,,,,,1
489,9,49,0.250057,3,,10000,100,,,,,,1
490,10,0,0.126883,3,,10000,100,,,,,,1
491,10,1,0.005351,3,,10000,100,,,,,,1
492,10,2,0.000203,3,,10000,100,,,,,,1
493,10,3,0.067222,3,,10000,100,,,,,,1
494,10,4,0.0,3,,10000,100,,,,,,1
495,10,5,0.014829,3,,10000,100,,,,,,1
496,10,6,0.011142,3,,10000,100,,,,,,1
497,10,7,0.0,3,,10000,100,,,,,,1
498,10,8,0.003819,3,,10000,100,,,,,,1
499,10,9,0.351694,3,,10000,100,,,,,,1
500,10,11,0.003644,3,,10000,100,,,,,,1
501,10,12,9e-06,3,,10000,100,,,,,,1
502,10,13,0.325922,3,,10000,100,,,,,,1
503,10,14,0.005584,3,,10000,100,,,,,,1
504,10,15,0.0,3,,10000,100,,,,,,1
505,10,16,6.377544,3,,10000,100,,,,,,1
506,10,17,0.0,3,,10000,100,,,,,,1
507,10,18,0.0,3,,10000,100,,,,,,1
508,10,19,0.011098,3,,10000,100,,,,,,1
509,10,20,0.0,3,,10000,100,,,,,,1
510,10,21,0.011439,3,,10000,100,,,,,,1
511,10,22,0.139708,3,,10000,100,,,,,,1
512,10,23,0.007862,3,,10000,100,,,,,,1
513,10,24,0.046808,3,,10000,100,,,,,,1
514,10,25,0.005443,3,,10000,100,,,,,,1
515,10,26,0.0,3,,10000,100,,,,,,1
516,10,27,0.003997,3,,10000,100,,,,,,1
517,10,28,0.0,3,,10000,100,,,,,,1
518,10,29,0.030463,3,,10000,100,,,,,,1
519,10,30,0.0,3,,10000,100,,,,,,1
520,10,31,0.701937,3,,10000,100,,,,,,1
521,10,32,0.007905,3,,10000,100,,,,,,1
522,10,33,1.9e-05,3,,10000,100,,,,,,1
523,10,34,1.948916,3,,10000,100,,,,,,1
524,10,35,0.000248,3,,10000,100,,,,,,1
525,10,36,0.0,3,,10000,100,,,,,,1
526,10,37,0.00903,3,,10000,100,,,,,,1
527,10,38,0.0092,3,,10000,100,,,,,,1
528,10,39,0.004024,3,,10000,100,,,,,,1
529,10,40,0.0,3,,10000,100,,,,,,1
530,10,41,0.002882,3,,10000,100,,,,,,1
531,10,42,3.9e-05,3,,10000,100,,,,,,1
532,10,43,0.0,3,,10000,100,,,,,,1
533,10,44,0.0,3,,10000,100,,,,,,1
534,10,45,0.007588,3,,10000,100,,,,,,1
535,10,46,0.001465,3,,10000,100,,,,,,1
536,10,47,0.0,3,,10000,100,,,,,,1
537,10,48,0.0,3,,10000,100,,,,,,1
538,10,49,9e-06,3,,10000,100,,,,,,1
539,11,0,0.02232,3,,10000,100,,,,,,1
540,11,1,0.000254,3,,10000,100,,,,,,1
541,11,2,0.0,3,,10000,100,,,,,,1
542,11,3,2.168711,3,,10000,100,,,,,,1
543,11,4,0.0,3,,10000,100,,,,,,1
544,11,5,0.010754,3,,10000,100,,,,,,1
545,11,6,0.000933,3,,10000,100,,,,,,1
546,11,7,2e-06,3,,10000,100,,,,,,1
547,11,8,0.712104,3,,10000,100,,,,,,1
548,11,9,5.966213,3,,10000,100,,,,,,1
549,11,10,0.001793,3,,10000,100,,,,,,1
550,11,12,0.0,3,,10000,100,,,,,,1
551,11,13,8.840488,3,,10000,100,,,,,,1
552,11,14,0.000281,3,,10000,100,,,,,,1
553,11,15,0.0,3,,10000,100,,,,,,1
554,11,16,78.183469,3,,10000,100,,,,,,1
555,11,17,0.0,3,,10000,100,,,,,,1
556,11,18,0.0,3,,10000,100,,,,,,1
557,11,19,0.0,3,,10000,100,,,,,,1
558,11,20,1e-06,3,,10000,100,,,,,,1
559,11,21,0.11446,3,,10000,100,,,,,,1
560,11,22,2.333968,3,,10000,100,,,,,,1
561,11,23,2e-06,3,,10000,100,,,,,,1
562,11,24,10.491133,3,,10000,100,,,,,,1
563,11,25,0.000919,3,,10000,100,,,,,,1
564,11,26,0.0,3,,10000,100,,,,,,1
565,11,27,0.161158,3,,10000,100,,,,,,1
566,11,28,0.0,3,,10000,100,,,,,,1
567,11,29,0.26173,3,,10000,100,,,,,,1
568,11,30,0.0,3,,10000,100,,,,,,1
569,11,31,16.45393,3,,10000,100,,,,,,1
570,11,32,2e-06,3,,10000,100,,,,,,1
571,11,33,0.000656,3,,10000,100,,,,,,1
572,11,34,5.293978,3,,10000,100,,,,,,1
573,11,35,0.032155,3,,10000,100,,,,,,1
574,11,36,0.0,3,,10000,100,,,,,,1
575,11,37,0.002614,3,,10000,100,,,,,,1
576,11,38,0.537844,3,,10000,100,,,,,,1
577,11,39,2e-06,3,,10000,100,,,,,,1
578,11,40,4e-06,3,,10000,100,,,,,,1
579,11,41,0.003411,3,,10000,100,,,,,,1
580,11,42,2.3e-05,3,,10000,100,,,,,,1
581,11,43,0.498007,3,,10000,100,,,,,,1
582,11,44,3e-06,3,,10000,100,,,,,,1
583,11,45,0.054674,3,,10000,100,,,,,,1
584,11,46,0.0,3,,10000,100,,,,,,1
585,11,47,0.0,3,,10000,100,,,,,,1
586,11,48,0.0,3,,10000,100,,,,,,1
587,11,49,0.0,3,,10000,100,,,,,,1
588,12,0,2e-06,3,,10000,100,,,,,,1
589,12,1,0.0,3,,10000,100,,,,,,1
590,12,2,0.0,3,,10000,100,,,,,,1
591,12,3,0.000427,3,,10000,100,,,,,,1
592,12,4,0.0,3,,10000,100,,,,,,1
593,12,5,5.2e-05,3,,10000,100,,,,,,1
594,12,6,0.000238,3,,10000,100,,,,,,1
595,12,7,0.0,3,,10000,100,,,,,,1
596,12,8,0.0,3,,10000,100,,,,,,1
597,12,9,0.068497,3,,10000,100,,,,,,1
598,12,10,5.1e-05,3,,10000,100,,,,,,1
599,12,11,0.0,3,,10000,100,,,,,,1
600,12,13,0.028661,3,,10000,100,,,,,,1
601,12,14,2.2e-05,3,,10000,100,,,,,,1
602,12,15,0.0,3,,10000,100,,,,,,1
603,12,16,1.694128,3,,10000,100,,,,,,1
604,12,17,0.0,3,,10000,100,,,,,,1
605,12,18,0.0,3,,10000,100,,,,,,1
606,12,19,0.0,3,,10000,100,,,,,,1
607,12,20,0.0,3,,10000,100,,,,,,1
608,12,21,0.000148,3,,10000,100,,,,,,1
609,12,22,0.110844,3,,10000,100,,,,,,1
610,12,23,0.0,3,,10000,100,,,,,,1
611,12,24,4.9e-05,3,,10000,100,,,,,,1
612,12,25,9.5e-05,3,,10000,100,,,,,,1
613,12,26,0.0,3,,10000,100,,,,,,1
614,12,27,0.0,3,,10000,100,,,,,,1
615,12,28,0.0,3,,10000,100,,,,,,1
616,12,29,0.010087,3,,10000,100,,,,,,1
617,12,30,0.0,3,,10000,100,,,,,,1
618,12,31,0.376819,3,,10000,100,,,,,,1
619,12,32,0.0,3,,10000,100,,,,,,1
620,12,33,0.0,3,,10000,100,,,,,,1
621,12,34,0.039948,3,,10000,100,,,,,,1
622,12,35,1e-06,3,,10000,100,,,,,,1
623,12,36,0.0,3,,10000,100,,,,,,1
624,12,37,7.1e-05,3,,10000,100,,,,,,1
625,12,38,3.8e-05,3,,10000,100,,,,,,1
626,12,39,0.0,3,,10000,100,,,,,,1
627,12,40,0.0,3,,10000,100,,,,,,1
628,12,41,2.2e-05,3,,10000,100,,,,,,1
629,12,42,0.0,3,,10000,100,,,,,,1
630,12,43,0.0,3,,10000,100,,,,,,1
631,12,44,0.0,3,,10000,100,,,,,,1
632,12,45,0.0,3,,10000,100,,,,,,1
633,12,46,0.0,3,,10000,100,,,,,,1
634,12,47,0.0,3,,10000,100,,,,,,1
635,12,48,0.0,3,,10000,100,,,,,,1
636,12,49,0.0,3,,10000,100,,,,,,1
637,13,0,0.000129,3,,10000,100,,,,,,1
638,13,1,0.0,3,,10000,100,,,,,,1
639,13,2,0.0,3,,10000,100,,,,,,1
640,13,3,0.055306,3,,10000,100,,,,,,1
641,13,4,0.0,3,,10000,100,,,,,,1
642,13,5,0.003245,3,,10000,100,,,,,,1
643,13,6,6e-06,3,,10000,100,,,,,,1
644,13,7,0.0,3,,10000,100,,,,,,1
645,13,8,0.031286,3,,10000,100,,,,,,1
646,13,9,2.360346,3,,10000,100,,,,,,1
647,13,10,4.2e-05,3,,10000,100,,,,,,1
648,13,11,0.145227,3,,10000,100,,,,,,1
649,13,12,0.000229,3,,10000,100,,,,,,1
650,13,14,0.000365,3,,10000,100,,,,,,1
651,13,15,0.0,3,,10000,100,,,,,,1
652,13,16,38.95977,3,,10000,100,,,,,,1
653,13,17,0.0,3,,10000,100,,,,,,1
654,13,18,1.8e-05,3,,10000,100,,,,,,1
655,13,19,0.001173,3,,10000,100,,,,,,1
656,13,20,0.003339,3,,10000,100,,,,,,1
657,13,21,8e-06,3,,10000,100,,,,,,1
658,13,22,3.9693,3,,10000,100,,,,,,1
659,13,23,0.000203,3,,10000,100,,,,,,1
660,13,24,0.004203,3,,10000,100,,,,,,1
661,13,25,0.002007,3,,10000,100,,,,,,1
662,13,26,0.0,3,,10000,100,,,,,,1
663,13,27,0.000242,3,,10000,100,,,,,,1
664,13,28,0.0,3,,10000,100,,,,,,1
665,13,29,0.773314,3,,10000,100,,,,,,1
666,13,30,0.0,3,,10000,100,,,,,,1
667,13,31,6.609094,3,,10000,100,,,,,,1
668,13,32,0.0,3,,10000,100,,,,,,1
669,13,33,0.000224,3,,10000,100,,,,,,1
670,13,34,3.518613,3,,10000,100,,,,,,1
671,13,35,0.001182,3,,10000,100,,,,,,1
672,13,36,0.0,3,,10000,100,,,,,,1
673,13,37,0.004138,3,,10000,100,,,,,,1
674,13,38,0.002884,3,,10000,100,,,,,,1
675,13,39,0.0,3,,10000,100,,,,,,1
676,13,40,0.0,3,,10000,100,,,,,,1
677,13,41,0.003564,3,,10000,100,,,,,,1
678,13,42,0.0,3,,10000,100,,,,,,1
679,13,43,3.9e-05,3,,10000,100,,,,,,1
680,13,44,0.0,3,,10000,100,,,,,,1
681,13,45,0.003105,3,,10000,100,,,,,,1
682,13,46,0.0,3,,10000,100,,,,,,1
683,13,47,0.0,3,,10000,100,,,,,,1
684,13,48,0.0,3,,10000,100,,,,,,1
685,13,49,0.0,3,,10000,100,,,,,,1
686,14,0,6.370677,3,,10000,100,,,,,,1
687,14,1,0.0,3,,10000,100,,,,,,1
688,14,2,0.0,3,,10000,100,,,,,,1
689,14,3,0.014337,3,,10000,100,,,,,,1
690,14,4,0.0,3,,10000,100,,,,,,1
691,14,5,0.002697,3,,10000,100,,,,,,1
692,14,6,0.080727,3,,10000,100,,,,,,1
693,14,7,0.0,3,,10000,100,,,,,,1
694,14,8,2e-06,3,,10000,100,,,,,,1
695,14,9,1.156603,3,,10000,100,,,,,,1
696,14,10,0.007208,3,,10000,100,,,,,,1
697,14,11,0.000956,3,,10000,100,,,,,,1
698,14,12,3.2e-05,3,,10000,100,,,,,,1
699,14,13,0.637585,3,,10000,100,,,,,,1
700,14,15,0.0,3,,10000,100,,,,,,1
701,14,16,14.730431,3,,10000,100,,,,,,1
702,14,17,0.0,3,,10000,100,,,,,,1
703,14,18,0.0,3,,10000,100,,,,,,1
704,14,19,0.000102,3,,10000,100,,,,,,1
705,14,20,4e-06,3,,10000,100,,,,,,1
706,14,21,0.007487,3,,10000,100,,,,,,1
707,14,22,0.219715,3,,10000,100,,,,,,1
708,14,23,0.0,3,,10000,100,,,,,,1
709,14,24,0.017825,3,,10000,100,,,,,,1
710,14,25,0.004602,3,,10000,100,,,,,,1
711,14,26,0.0,3,,10000,100,,,,,,1
712,14,27,0.0,3,,10000,100,,,,,,1
713,14,28,0.0,3,,10000,100,,,,,,1
714,14,29,0.253422,3,,10000,100,,,,,,1
715,14,30,0.0,3,,10000,100,,,,,,1
716,14,31,4.172612,3,,10000,100,,,,,,1
717,14,32,1e-06,3,,10000,100,,,,,,1
718,14,33,0.000397,3,,10000,100,,,,,,1
719,14,34,2.35045,3,,10000,100,,,,,,1
720,14,35,0.028559,3,,10000,100,,,,,,1
721,14,36,0.0,3,,10000,100,,,,,,1
722,14,37,0.003304,3,,10000,100,,,,,,1
723,14,38,0.142602,3,,10000,100,,,,,,1
724,14,39,1e-05,3,,10000,100,,,,,,1
725,14,40,0.0,3,,10000,100,,,,,,1
726,14,41,4e-06,3,,10000,100,,,,,,1
727,14,42,0.000516,3,,10000,100,,,,,,1
728,14,43,0.000118,3,,10000,100,,,,,,1
729,14,44,0.0,3,,10000,100,,,,,,1
730,14,45,1.2e-05,3,,10000,100,,,,,,1
731,14,46,0.0,3,,10000,100,,,,,,1
732,14,47,0.0,3,,10000,100,,,,,,1
733,14,48,0.0,3,,10000,100,,,,,,1
734,14,49,0.0,3,,10000,100,,,,,,1
735,15,0,0.0,3,,10000,100,,,,,,1
736,15,1,0.0,3,,10000,100,,,,,,1
737,15,2,0.0,3,,10000,100,,,,,,1
738,15,3,0.0,3,,10000,100,,,,,,1
739,15,4,0.0,3,,10000,100,,,,,,1
740,15,5,0.0,3,,10000,100,,,,,,1
741,15,6,0.0,3,,10000,100,,,,,,1
742,15,7,0.0,3,,10000,100,,,,,,1
743,15,8,0.0,3,,10000,100,,,,,,1
744,15,9,3.7e-05,3,,10000,100,,,,,,1
745,15,10,0.0,3,,10000,100,,,,,,1
746,15,11,0.0,3,,10000,100,,,,,,1
747,15,12,0.0,3,,10000,100,,,,,,1
748,15,13,0.00053,3,,10000,100,,,,,,1
749,15,14,0.0,3,,10000,100,,,,,,1
750,15,16,0.395886,3,,10000,100,,,,,,1
751,15,17,0.0,3,,10000,100,,,,,,1
752,15,18,0.0,3,,10000,100,,,,,,1
753,15,19,0.0,3,,10000,100,,,,,,1
754,15,20,1.2e-05,3,,10000,100,,,,,,1
755,15,21,0.0,3,,10000,100,,,,,,1
756,15,22,0.000498,3,,10000,100,,,,,,1
757,15,23,0.0,3,,10000,100,,,,,,1
758,15,24,0.0,3,,10000,100,,,,,,1
759,15,25,0.0,3,,10000,100,,,,,,1
760,15,26,0.0,3,,10000,100,,,,,,1
761,15,27,0.001932,3,,10000,100,,,,,,1
762,15,28,0.0,3,,10000,100,,,,,,1
763,15,29,0.0,3,,10000,100,,,,,,1
764,15,30,0.0,3,,10000,100,,,,,,1
765,15,31,1e-05,3,,10000,100,,,,,,1
766,15,32,0.0,3,,10000,100,,,,,,1
767,15,33,0.0,3,,10000,100,,,,,,1
768,15,34,2.3e-05,3,,10000,100,,,,,,1
769,15,35,0.0,3,,10000,100,,,,,,1
770,15,36,1.7e-05,3,,10000,100,,,,,,1
771,15,37,0.0,3,,10000,100,,,,,,1
772,15,38,1.9e-05,3,,10000,100,,,,,,1
773,15,39,3e-05,3,,10000,100,,,,,,1
774,15,40,0.0,3,,10000,100,,,,,,1
775,15,41,0.0,3,,10000,100,,,,,,1
776,15,42,0.0,3,,10000,100,,,,,,1
777,15,43,0.0,3,,10000,100,,,,,,1
778,15,44,0.0,3,,10000,100,,,,,,1
779,15,45,0.0,3,,10000,100,,,,,,1
780,15,46,0.0,3,,10000,100,,,,,,1
781,15,47,0.0,3,,10000,100,,,,,,1
782,15,48,0.0,3,,10000,100,,,,,,1
783,15,49,0.0,3,,10000,100,,,,,,1
784,16,0,39.695216,3,,10000,100,,,,,,1
785,16,1,2.375109,3,,10000,100,,,,,,1
786,16,2,5.19562,3,,10000,100,,,,,,1
787,16,3,35.380933,3,,10000,100,,,,,,1
788,16,4,0.0,3,,10000,100,,,,,,1
789,16,5,16.022416,3,,10000,100,,,,,,1
790,16,6,19.477605,3,,10000,100,,,,,,1
791,16,7,0.52906,3,,10000,100,,,,,,1
792,16,8,19.123484,3,,10000,100,,,,,,1
793,16,9,2.563026,3,,10000,100,,,,,,1
794,16,10,4.523239,3,,10000,100,,,,,,1
795,16,11,19.244347,3,,10000,100,,,,,,1
796,16,12,1.355871,3,,10000,100,,,,,,1
797,16,13,22.419468,3,,10000,100,,,,,,1
798,16,14,14.023163,3,,10000,100,,,,,,1
799,16,15,0.403519,3,,10000,100,,,,,,1
800,16,17,0.0006,3,,10000,100,,,,,,1
801,16,18,0.007436,3,,10000,100,,,,,,1
802,16,19,1.886267,3,,10000,100,,,,,,1
803,16,20,6.978732,3,,10000,100,,,,,,1
804,16,21,40.56256,3,,10000,100,,,,,,1
805,16,22,14.043721,3,,10000,100,,,,,,1
806,16,23,3.191241,3,,10000,100,,,,,,1
807,16,24,18.380871,3,,10000,100,,,,,,1
808,16,25,23.494005,3,,10000,100,,,,,,1
809,16,26,0.101054,3,,10000,100,,,,,,1
810,16,27,3.002243,3,,10000,100,,,,,,1
811,16,28,0.0,3,,10000,100,,,,,,1
812,16,29,30.419124,3,,10000,100,,,,,,1
813,16,30,0.00118,3,,10000,100,,,,,,1
814,16,31,19.771147,3,,10000,100,,,,,,1
815,16,32,5.011233,3,,10000,100,,,,,,1
816,16,33,0.683772,3,,10000,100,,,,,,1
817,16,34,14.717805,3,,10000,100,,,,,,1
818,16,35,21.132688,3,,10000,100,,,,,,1
819,16,36,0.141874,3,,10000,100,,,,,,1
820,16,37,6.215732,3,,10000,100,,,,,,1
821,16,38,3.614087,3,,10000,100,,,,,,1
822,16,39,7.67326,3,,10000,100,,,,,,1
823,16,40,0.337708,3,,10000,100,,,,,,1
824,16,41,2.489599,3,,10000,100,,,,,,1
825,16,42,3.747726,3,,10000,100,,,,,,1
826,16,43,16.769039,3,,10000,100,,,,,,1
827,16,44,0.591779,3,,10000,100,,,,,,1
828,16,45,13.267312,3,,10000,100,,,,,,1
829,16,46,1.065379,3,,10000,100,,,,,,1
830,16,47,0.00032,3,,10000,100,,,,,,1
831,16,48,0.0,3,,10000,100,,,,,,1
832,16,49,2.175392,3,,10000,100,,,,,,1
833,17,0,0.0,3,,10000,100,,,,,,1
834,17,1,0.0,3,,10000,100,,,,,,1
835,17,2,0.0,3,,10000,100,,,,,,1
836,17,3,7e-06,3,,10000,100,,,,,,1
837,17,4,0.0,3,,10000,100,,,,,,1
838,17,5,4e-06,3,,10000,100,,,,,,1
839,17,6,0.0,3,,10000,100,,,,,,1
840,17,7,0.0,3,,10000,100,,,,,,1
841,17,8,0.0,3,,10000,100,,,,,,1
842,17,9,0.0,3,,10000,100,,,,,,1
843,17,10,0.0,3,,10000,100,,,,,,1
844,17,11,0.0,3,,10000,100,,,,,,1
845,17,12,0.0,3,,10000,100,,,,,,1
846,17,13,0.00038,3,,10000,100,,,,,,1
847,17,14,0.0,3,,10000,100,,,,,,1
848,17,15,0.0,3,,10000,100,,,,,,1
849,17,16,0.000471,3,,10000,100,,,,,,1
850,17,18,0.0,3,,10000,100,,,,,,1
851,17,19,0.0,3,,10000,100,,,,,,1
852,17,20,0.0,3,,10000,100,,,,,,1
853,17,21,0.0,3,,10000,100,,,,,,1
854,17,22,0.0,3,,10000,100,,,,,,1
855,17,23,3.2e-05,3,,10000,100,,,,,,1
856,17,24,3.8e-05,3,,10000,100,,,,,,1
857,17,25,0.0,3,,10000,100,,,,,,1
858,17,26,0.0,3,,10000,100,,,,,,1
859,17,27,0.0,3,,10000,100,,,,,,1
860,17,28,0.0,3,,10000,100,,,,,,1
861,17,29,0.0,3,,10000,100,,,,,,1
862,17,30,0.0,3,,10000,100,,,,,,1
863,17,31,0.0,3,,10000,100,,,,,,1
864,17,32,0.0,3,,10000,100,,,,,,1
865,17,33,0.0,3,,10000,100,,,,,,1
866,17,34,0.0,3,,10000,100,,,,,,1
867,17,35,0.0,3,,10000,100,,,,,,1
868,17,36,0.0,3,,10000,100,,,,,,1
869,17,37,0.0,3,,10000,100,,,,,,1
870,17,38,0.0,3,,10000,100,,,,,,1
871,17,39,2e-06,3,,10000,100,,,,,,1
872,17,40,0.0,3,,10000,100,,,,,,1
873,17,41,0.0,3,,10000,100,,,,,,1
874,17,42,0.0,3,,10000,100,,,,,,1
875,17,43,0.0,3,,10000,100,,,,,,1
876,17,44,0.0,3,,10000,100,,,,,,1
877,17,45,2e-06,3,,10000,100,,,,,,1
878,17,46,0.0,3,,10000,100,,,,,,1
879,17,47,0.0,3,,10000,100,,,,,,1
880,17,48,0.0,3,,10000,100,,,,,,1
881,17,49,0.0,3,,10000,100,,,,,,1
882,18,0,0.0,3,,10000,100,,,,,,1
883,18,1,0.0,3,,10000,100,,,,,,1
884,18,2,0.0,3,,10000,100,,,,,,1
885,18,3,3e-06,3,,10000,100,,,,,,1
886,18,4,0.0,3,,10000,100,,,,,,1
887,18,5,4.9e-05,3,,10000,100,,,,,,1
888,18,6,0.0,3,,10000,100,,,,,,1
889,18,7,0.0,3,,10000,100,,,,,,1
890,18,8,0.0,3,,10000,100,,,,,,1
891,18,9,8.5e-05,3,,10000,100,,,,,,1
892,18,10,1e-05,3,,10000,100,,,,,,1
893,18,11,0.0,3,,10000,100,,,,,,1
894,18,12,0.0,3,,10000,100,,,,,,1
895,18,13,0.012154,3,,10000,100,,,,,,1
896,18,14,0.0,3,,10000,100,,,,,,1
897,18,15,0.0,3,,10000,100,,,,,,1
898,18,16,0.004695,3,,10000,100,,,,,,1
899,18,17,0.0,3,,10000,100,,,,,,1
900,18,19,0.107851,3,,10000,100,,,,,,1
901,18,20,0.0,3,,10000,100,,,,,,1
902,18,21,0.0,3,,10000,100,,,,,,1
903,18,22,8e-06,3,,10000,100,,,,,,1
904,18,23,3e-06,3,,10000,100,,,,,,1
905,18,24,0.0,3,,10000,100,,,,,,1
906,18,25,0.0,3,,10000,100,,,,,,1
907,18,26,0.0,3,,10000,100,,,,,,1
908,18,27,0.0,3,,10000,100,,,,,,1
909,18,28,0.0,3,,10000,100,,,,,,1
910,18,29,2.2e-05,3,,10000,100,,,,,,1
911,18,30,0.0,3,,10000,100,,,,,,1
912,18,31,7e-06,3,,10000,100,,,,,,1
913,18,32,0.0,3,,10000,100,,,,,,1
914,18,33,0.0,3,,10000,100,,,,,,1
915,18,34,0.0,3,,10000,100,,,,,,1
916,18,35,0.0,3,,10000,100,,,,,,1
917,18,36,0.0,3,,10000,100,,,,,,1
918,18,37,0.0,3,,10000,100,,,,,,1
919,18,38,0.0,3,,10000,100,,,,,,1
920,18,39,2e-06,3,,10000,100,,,,,,1
921,18,40,0.0,3,,10000,100,,,,,,1
922,18,41,8e-06,3,,10000,100,,,,,,1
923,18,42,1.2e-05,3,,10000,100,,,,,,1
924,18,43,0.0,3,,10000,100,,,,,,1
925,18,44,0.0,3,,10000,100,,,,,,1
926,18,45,2.80954,3,,10000,100,,,,,,1
927,18,46,0.0,3,,10000,100,,,,,,1
928,18,47,0.0,3,,10000,100,,,,,,1
929,18,48,0.0,3,,10000,100,,,,,,1
930,18,49,0.0,3,,10000,100,,,,,,1
931,19,0,0.0,3,,10000,100,,,,,,1
932,19,1,0.0,3,,10000,100,,,,,,1
933,19,2,0.0,3,,10000,100,,,,,,1
934,19,3,0.004196,3,,10000,100,,,,,,1
935,19,4,0.0,3,,10000,100,,,,,,1
936,19,5,0.000327,3,,10000,100,,,,,,1
937,19,6,0.000259,3,,10000,100,,,,,,1
938,19,7,0.0,3,,10000,100,,,,,,1
939,19,8,0.000626,3,,10000,100,,,,,,1
940,19,9,0.047048,3,,10000,100,,,,,,1
941,19,10,0.000661,3,,10000,100,,,,,,1
942,19,11,0.0,3,,10000,100,,,,,,1
943,19,12,0.0,3,,10000,100,,,,,,1
944,19,13,0.240892,3,,10000,100,,,,,,1
945,19,14,0.0,3,,10000,100,,,,,,1
946,19,15,0.0,3,,10000,100,,,,,,1
947,19,16,3.894929,3,,10000,100,,,,,,1
948,19,17,0.0,3,,10000,100,,,,,,1
949,19,18,0.002032,3,,10000,100,,,,,,1
950,19,20,8.1e-05,3,,10000,100,,,,,,1
951,19,21,1.9e-05,3,,10000,100,,,,,,1
952,19,22,0.001442,3,,10000,100,,,,,,1
953,19,23,0.0,3,,10000,100,,,,,,1
954,19,24,0.000572,3,,10000,100,,,,,,1
955,19,25,0.000221,3,,10000,100,,,,,,1
956,19,26,0.0,3,,10000,100,,,,,,1
957,19,27,0.000214,3,,10000,100,,,,,,1
958,19,28,0.0,3,,10000,100,,,,,,1
959,19,29,0.007238,3,,10000,100,,,,,,1
960,19,30,0.0,3,,10000,100,,,,,,1
961,19,31,0.021975,3,,10000,100,,,,,,1
962,19,32,0.0,3,,10000,100,,,,,,1
963,19,33,0.0,3,,10000,100,,,,,,1
964,19,34,0.002106,3,,10000,100,,,,,,1
965,19,35,0.001162,3,,10000,100,,,,,,1
966,19,36,0.0,3,,10000,100,,,,,,1
967,19,37,0.005082,3,,10000,100,,,,,,1
968,19,38,0.0,3,,10000,100,,,,,,1
969,19,39,0.001863,3,,10000,100,,,,,,1
970,19,40,0.0,3,,10000,100,,,,,,1
971,19,41,0.001277,3,,10000,100,,,,,,1
972,19,42,0.0,3,,10000,100,,,,,,1
973,19,43,0.000159,3,,10000,100,,,,,,1
974,19,44,0.0,3,,10000,100,,,,,,1
975,19,45,0.929138,3,,10000,100,,,,,,1
976,19,46,0.0,3,,10000,100,,,,,,1
977,19,47,0.0,3,,10000,100,,,,,,1
978,19,48,0.0,3,,10000,100,,,,,,1
979,19,49,8e-06,3,,10000,100,,,,,,1
980,20,0,0.0,3,,10000,100,,,,,,1
981,20,1,0.0,3,,10000,100,,,,,,1
982,20,2,0.0,3,,10000,100,,,,,,1
983,20,3,0.010399,3,,10000,100,,,,,,1
984,20,4,0.0,3,,10000,100,,,,,,1
985,20,5,0.001191,3,,10000,100,,,,,,1
986,20,6,0.0,3,,10000,100,,,,,,1
987,20,7,0.002171,3,,10000,100,,,,,,1
988,20,8,1.9e-05,3,,10000,100,,,,,,1
989,20,9,0.903631,3,,10000,100,,,,,,1
990,20,10,0.0,3,,10000,100,,,,,,1
991,20,11,0.0,3,,10000,100,,,,,,1
992,20,12,0.0,3,,10000,100,,,,,,1
993,20,13,0.18268,3,,10000,100,,,,,,1
994,20,14,0.0,3,,10000,100,,,,,,1
995,20,15,0.0,3,,10000,100,,,,,,1
996,20,16,11.199521,3,,10000,100,,,,,,1
997,20,17,0.0,3,,10000,100,,,,,,1
998,20,18,0.0,3,,10000,100,,,,,,1
999,20,19,0.000498,3,,10000,100,,,,,,1
1000,20,21,6.2e-05,3,,10000,100,,,,,,1
1001,20,22,0.001288,3,,10000,100,,,,,,1
1002,20,23,4.7e-05,3,,10000,100,,,,,,1
1003,20,24,0.007314,3,,10000,100,,,,,,1
1004,20,25,0.00177,3,,10000,100,,,,,,1
1005,20,26,0.0,3,,10000,100,,,,,,1
1006,20,27,0.0,3,,10000,100,,,,,,1
1007,20,28,0.0,3,,10000,100,,,,,,1
1008,20,29,0.113887,3,,10000,100,,,,,,1
1009,20,30,0.0,3,,10000,100,,,,,,1
1010,20,31,4.239374,3,,10000,100,,,,,,1
1011,20,32,4.7e-05,3,,10000,100,,,,,,1
1012,20,33,2e-06,3,,10000,100,,,,,,1
1013,20,34,20.589695,3,,10000,100,,,,,,1
1014,20,35,0.00119,3,,10000,100,,,,,,1
1015,20,36,0.0,3,,10000,100,,,,,,1
1016,20,37,5.4e-05,3,,10000,100,,,,,,1
1017,20,38,0.000421,3,,10000,100,,,,,,1
1018,20,39,0.0,3,,10000,100,,,,,,1
1019,20,40,0.0,3,,10000,100,,,,,,1
1020,20,41,1.4e-05,3,,10000,100,,,,,,1
1021,20,42,0.0,3,,10000,100,,,,,,1
1022,20,43,0.318013,3,,10000,100,,,,,,1
1023,20,44,0.0,3,,10000,100,,,,,,1
1024,20,45,0.051351,3,,10000,100,,,,,,1
1025,20,46,0.0,3,,10000,100,,,,,,1
1026,20,47,0.0,3,,10000,100,,,,,,1
1027,20,48,0.0,3,,10000,100,,,,,,1
1028,20,49,0.0,3,,10000,100,,,,,,1
1029,21,0,3.54624,3,,10000,100,,,,,,1
1030,21,1,0.0,3,,10000,100,,,,,,1
1031,21,2,0.0,3,,10000,100,,,,,,1
1032,21,3,0.314037,3,,10000,100,,,,,,1
1033,21,4,0.0,3,,10000,100,,,,,,1
1034,21,5,0.002313,3,,10000,100,,,,,,1
1035,21,6,0.027602,3,,10000,100,,,,,,1
1036,21,7,0.0,3,,10000,100,,,,,,1
1037,21,8,0.007815,3,,10000,100,,,,,,1
1038,21,9,0.696542,3,,10000,100,,,,,,1
1039,21,10,0.000728,3,,10000,100,,,,,,1
1040,21,11,0.002118,3,,10000,100,,,,,,1
1041,21,12,7.4e-05,3,,10000,100,,,,,,1
1042,21,13,0.779268,3,,10000,100,,,,,,1
1043,21,14,0.000582,3,,10000,100,,,,,,1
1044,21,15,0.0,3,,10000,100,,,,,,1
1045,21,16,100.069171,3,,10000,100,,,,,,1
1046,21,17,0.0,3,,10000,100,,,,,,1
1047,21,18,0.0,3,,10000,100,,,,,,1
1048,21,19,0.0,3,,10000,100,,,,,,1
1049,21,20,1e-06,3,,10000,100,,,,,,1
1050,21,22,2.750763,3,,10000,100,,,,,,1
1051,21,23,6e-06,3,,10000,100,,,,,,1
1052,21,24,0.006277,3,,10000,100,,,,,,1
1053,21,25,0.094338,3,,10000,100,,,,,,1
1054,21,26,0.0,3,,10000,100,,,,,,1
1055,21,27,0.002909,3,,10000,100,,,,,,1
1056,21,28,0.0,3,,10000,100,,,,,,1
1057,21,29,4.621665,3,,10000,100,,,,,,1
1058,21,30,0.0,3,,10000,100,,,,,,1
1059,21,31,0.000776,3,,10000,100,,,,,,1
1060,21,32,0.00043,3,,10000,100,,,,,,1
1061,21,33,5e-06,3,,10000,100,,,,,,1
1062,21,34,0.670113,3,,10000,100,,,,,,1
1063,21,35,0.000375,3,,10000,100,,,,,,1
1064,21,36,0.0,3,,10000,100,,,,,,1
1065,21,37,0.000315,3,,10000,100,,,,,,1
1066,21,38,0.014146,3,,10000,100,,,,,,1
1067,21,39,0.000686,3,,10000,100,,,,,,1
1068,21,40,0.0,3,,10000,100,,,,,,1
1069,21,41,3.9e-05,3,,10000,100,,,,,,1
1070,21,42,5.1e-05,3,,10000,100,,,,,,1
1071,21,43,1.7e-05,3,,10000,100,,,,,,1
1072,21,44,0.0,3,,10000,100,,,,,,1
1073,21,45,0.000592,3,,10000,100,,,,,,1
1074,21,46,1e-05,3,,10000,100,,,,,,1
1075,21,47,0.0,3,,10000,100,,,,,,1
1076,21,48,0.0,3,,10000,100,,,,,,1
1077,21,49,0.0,3,,10000,100,,,,,,1
1078,22,0,2.616723,3,,10000,100,,,,,,1
1079,22,1,0.091365,3,,10000,100,,,,,,1
1080,22,2,0.115942,3,,10000,100,,,,,,1
1081,22,3,2.377643,3,,10000,100,,,,,,1
1082,22,4,0.0,3,,10000,100,,,,,,1
1083,22,5,1.055721,3,,10000,100,,,,,,1
1084,22,6,1.453442,3,,10000,100,,,,,,1
1085,22,7,0.120207,3,,10000,100,,,,,,1
1086,22,8,3.51407,3,,10000,100,,,,,,1
1087,22,9,0.774553,3,,10000,100,,,,,,1
1088,22,10,0.264652,3,,10000,100,,,,,,1
1089,22,11,2.013105,3,,10000,100,,,,,,1
1090,22,12,0.090933,3,,10000,100,,,,,,1
1091,22,13,2.695713,3,,10000,100,,,,,,1
1092,22,14,0.800371,3,,10000,100,,,,,,1
1093,22,15,0.000219,3,,10000,100,,,,,,1
1094,22,16,11.337141,3,,10000,100,,,,,,1
1095,22,17,0.0,3,,10000,100,,,,,,1
1096,22,18,0.023587,3,,10000,100,,,,,,1
1097,22,19,0.159209,3,,10000,100,,,,,,1
1098,22,20,0.933785,3,,10000,100,,,,,,1
1099,22,21,0.72882,3,,10000,100,,,,,,1
1100,22,23,0.105543,3,,10000,100,,,,,,1
1101,22,24,1.268031,3,,10000,100,,,,,,1
1102,22,25,1.720268,3,,10000,100,,,,,,1
1103,22,26,0.100052,3,,10000,100,,,,,,1
1104,22,27,0.188151,3,,10000,100,,,,,,1
1105,22,28,0.0,3,,10000,100,,,,,,1
1106,22,29,2.089956,3,,10000,100,,,,,,1
1107,22,30,0.0,3,,10000,100,,,,,,1
1108,22,31,2.47146,3,,10000,100,,,,,,1
1109,22,32,0.58946,3,,10000,100,,,,,,1
1110,22,33,0.003794,3,,10000,100,,,,,,1
1111,22,34,2.162445,3,,10000,100,,,,,,1
1112,22,35,1.999432,3,,10000,100,,,,,,1
1113,22,36,0.012535,3,,10000,100,,,,,,1
1114,22,37,0.297219,3,,10000,100,,,,,,1
1115,22,38,1.018843,3,,10000,100,,,,,,1
1116,22,39,0.603974,3,,10000,100,,,,,,1
1117,22,40,0.00055,3,,10000,100,,,,,,1
1118,22,41,0.314048,3,,10000,100,,,,,,1
1119,22,42,0.07928,3,,10000,100,,,,,,1
1120,22,43,2.711647,3,,10000,100,,,,,,1
1121,22,44,0.026554,3,,10000,100,,,,,,1
1122,22,45,0.485447,3,,10000,100,,,,,,1
1123,22,46,0.018879,3,,10000,100,,,,,,1
1124,22,47,0.000122,3,,10000,100,,,,,,1
1125,22,48,0.0,3,,10000,100,,,,,,1
1126,22,49,0.250194,3,,10000,100,,,,,,1
1127,23,0,0.073929,3,,10000,100,,,,,,1
1128,23,1,0.0,3,,10000,100,,,,,,1
1129,23,2,0.0,3,,10000,100,,,,,,1
1130,23,3,0.002302,3,,10000,100,,,,,,1
1131,23,4,0.0,3,,10000,100,,,,,,1
1132,23,5,0.000142,3,,10000,100,,,,,,1
1133,23,6,0.000331,3,,10000,100,,,,,,1
1134,23,7,0.0,3,,10000,100,,,,,,1
1135,23,8,0.0,3,,10000,100,,,,,,1
1136,23,9,1.62501,3,,10000,100,,,,,,1
1137,23,10,0.007629,3,,10000,100,,,,,,1
1138,23,11,0.0,3,,10000,100,,,,,,1
1139,23,12,0.0,3,,10000,100,,,,,,1
1140,23,13,1.861318,3,,10000,100,,,,,,1
1141,23,14,0.0,3,,10000,100,,,,,,1
1142,23,15,0.0,3,,10000,100,,,,,,1
1143,23,16,35.401278,3,,10000,100,,,,,,1
1144,23,17,0.000186,3,,10000,100,,,,,,1
1145,23,18,0.0,3,,10000,100,,,,,,1
1146,23,19,0.0,3,,10000,100,,,,,,1
1147,23,20,0.0,3,,10000,100,,,,,,1
1148,23,21,0.0,3,,10000,100,,,,,,1
1149,23,22,0.003454,3,,10000,100,,,,,,1
1150,23,24,0.13548,3,,10000,100,,,,,,1
1151,23,25,0.0,3,,10000,100,,,,,,1
1152,23,26,0.0,3,,10000,100,,,,,,1
1153,23,27,0.0,3,,10000,100,,,,,,1
1154,23,28,0.0,3,,10000,100,,,,,,1
1155,23,29,0.938288,3,,10000,100,,,,,,1
1156,23,30,0.0,3,,10000,100,,,,,,1
1157,23,31,0.004079,3,,10000,100,,,,,,1
1158,23,32,0.000722,3,,10000,100,,,,,,1
1159,23,33,0.019943,3,,10000,100,,,,,,1
1160,23,34,0.001167,3,,10000,100,,,,,,1
1161,23,35,0.0,3,,10000,100,,,,,,1
1162,23,36,0.000285,3,,10000,100,,,,,,1
1163,23,37,0.0,3,,10000,100,,,,,,1
1164,23,38,0.000605,3,,10000,100,,,,,,1
1165,23,39,0.0,3,,10000,100,,,,,,1
1166,23,40,0.0,3,,10000,100,,,,,,1
1167,23,41,0.0,3,,10000,100,,,,,,1
1168,23,42,0.004092,3,,10000,100,,,,,,1
1169,23,43,0.0,3,,10000,100,,,,,,1
1170,23,44,0.0,3,,10000,100,,,,,,1
1171,23,45,6.172976,3,,10000,100,,,,,,1
1172,23,46,0.0,3,,10000,100,,,,,,1
1173,23,47,0.0,3,,10000,100,,,,,,1
1174,23,48,0.0,3,,10000,100,,,,,,1
1175,23,49,0.003876,3,,10000,100,,,,,,1
1176,24,0,0.003815,3,,10000,100,,,,,,1
1177,24,1,0.0,3,,10000,100,,,,,,1
1178,24,2,0.0,3,,10000,100,,,,,,1
1179,24,3,0.004396,3,,10000,100,,,,,,1
1180,24,4,0.0,3,,10000,100,,,,,,1
1181,24,5,0.0,3,,10000,100,,,,,,1
1182,24,6,0.0,3,,10000,100,,,,,,1
1183,24,7,0.0,3,,10000,100,,,,,,1
1184,24,8,0.0,3,,10000,100,,,,,,1
1185,24,9,0.005679,3,,10000,100,,,,,,1
1186,24,10,0.0,3,,10000,100,,,,,,1
1187,24,11,0.0,3,,10000,100,,,,,,1
1188,24,12,0.0,3,,10000,100,,,,,,1
1189,24,13,0.066221,3,,10000,100,,,,,,1
1190,24,14,0.000282,3,,10000,100,,,,,,1
1191,24,15,0.0,3,,10000,100,,,,,,1
1192,24,16,3.389842,3,,10000,100,,,,,,1
1193,24,17,0.0,3,,10000,100,,,,,,1
1194,24,18,0.0,3,,10000,100,,,,,,1
1195,24,19,0.0,3,,10000,100,,,,,,1
1196,24,20,0.0,3,,10000,100,,,,,,1
1197,24,21,0.003895,3,,10000,100,,,,,,1
1198,24,22,0.0,3,,10000,100,,,,,,1
1199,24,23,0.000399,3,,10000,100,,,,,,1
1200,24,25,0.0,3,,10000,100,,,,,,1
1201,24,26,0.0,3,,10000,100,,,,,,1
1202,24,27,0.0,3,,10000,100,,,,,,1
1203,24,28,0.0,3,,10000,100,,,,,,1
1204,24,29,0.0,3,,10000,100,,,,,,1
1205,24,30,0.0,3,,10000,100,,,,,,1
1206,24,31,0.002077,3,,10000,100,,,,,,1
1207,24,32,0.0,3,,10000,100,,,,,,1
1208,24,33,0.0,3,,10000,100,,,,,,1
1209,24,34,0.0,3,,10000,100,,,,,,1
1210,24,35,0.0,3,,10000,100,,,,,,1
1211,24,36,0.0,3,,10000,100,,,,,,1
1212,24,37,0.000193,3,,10000,100,,,,,,1
1213,24,38,0.0,3,,10000,100,,,,,,1
1214,24,39,0.0,3,,10000,100,,,,,,1
1215,24,40,0.0,3,,10000,100,,,,,,1
1216,24,41,0.0,3,,10000,100,,,,,,1
1217,24,42,0.0,3,,10000,100,,,,,,1
1218,24,43,0.0,3,,10000,100,,,,,,1
1219,24,44,0.001266,3,,10000,100,,,,,,1
1220,24,45,0.084361,3,,10000,100,,,,,,1
1221,24,46,0.0,3,,10000,100,,,,,,1
1222,24,47,0.0,3,,10000,100,,,,,,1
1223,24,48,0.0,3,,10000,100,,,,,,1
1224,24,49,0.0,3,,10000,100,,,,,,1
1225,25,0,0.00474,3,,10000,100,,,,,,1
1226,25,1,0.0,3,,10000,100,,,,,,1
1227,25,2,1.159912,3,,10000,100,,,,,,1
1228,25,3,0.844403,3,,10000,100,,,,,,1
1229,25,4,0.0,3,,10000,100,,,,,,1
1230,25,5,1.524213,3,,10000,100,,,,,,1
1231,25,6,0.234487,3,,10000,100,,,,,,1
1232,25,7,0.0,3,,10000,100,,,,,,1
1233,25,8,0.000102,3,,10000,100,,,,,,1
1234,25,9,4.618686,3,,10000,100,,,,,,1
1235,25,10,0.000142,3,,10000,100,,,,,,1
1236,25,11,0.016022,3,,10000,100,,,,,,1
1237,25,12,0.00358,3,,10000,100,,,,,,1
1238,25,13,3.012402,3,,10000,100,,,,,,1
1239,25,14,0.030901,3,,10000,100,,,,,,1
1240,25,15,0.0,3,,10000,100,,,,,,1
1241,25,16,132.937812,3,,10000,100,,,,,,1
1242,25,17,0.0,3,,10000,100,,,,,,1
1243,25,18,0.0,3,,10000,100,,,,,,1
1244,25,19,0.00011,3,,10000,100,,,,,,1
1245,25,20,0.296254,3,,10000,100,,,,,,1
1246,25,21,0.348791,3,,10000,100,,,,,,1
1247,25,22,23.552966,3,,10000,100,,,,,,1
1248,25,23,0.000285,3,,10000,100,,,,,,1
1249,25,24,0.418625,3,,10000,100,,,,,,1
1250,25,26,0.0,3,,10000,100,,,,,,1
1251,25,27,0.000264,3,,10000,100,,,,,,1
1252,25,28,0.0,3,,10000,100,,,,,,1
1253,25,29,10.491624,3,,10000,100,,,,,,1
1254,25,30,0.0,3,,10000,100,,,,,,1
1255,25,31,7.446468,3,,10000,100,,,,,,1
1256,25,32,0.024381,3,,10000,100,,,,,,1
1257,25,33,0.000854,3,,10000,100,,,,,,1
1258,25,34,6.978438,3,,10000,100,,,,,,1
1259,25,35,0.001719,3,,10000,100,,,,,,1
1260,25,36,0.0,3,,10000,100,,,,,,1
1261,25,37,0.000326,3,,10000,100,,,,,,1
1262,25,38,0.193535,3,,10000,100,,,,,,1
1263,25,39,16.041794,3,,10000,100,,,,,,1
1264,25,40,0.0,3,,10000,100,,,,,,1
1265,25,41,0.00192,3,,10000,100,,,,,,1
1266,25,42,7e-06,3,,10000,100,,,,,,1
1267,25,43,0.000465,3,,10000,100,,,,,,1
1268,25,44,0.0,3,,10000,100,,,,,,1
1269,25,45,0.034635,3,,10000,100,,,,,,1
1270,25,46,0.0,3,,10000,100,,,,,,1
1271,25,47,0.0,3,,10000,100,,,,,,1
1272,25,48,0.0,3,,10000,100,,,,,,1
1273,25,49,0.011444,3,,10000,100,,,,,,1
1274,26,0,0.0,3,,10000,100,,,,,,1
1275,26,1,0.0,3,,10000,100,,,,,,1
1276,26,2,0.0,3,,10000,100,,,,,,1
1277,26,3,2.3e-05,3,,10000,100,,,,,,1
1278,26,4,0.0,3,,10000,100,,,,,,1
1279,26,5,0.0,3,,10000,100,,,,,,1
1280,26,6,0.0,3,,10000,100,,,,,,1
1281,26,7,0.0,3,,10000,100,,,,,,1
1282,26,8,0.0,3,,10000,100,,,,,,1
1283,26,9,0.001779,3,,10000,100,,,,,,1
1284,26,10,0.0,3,,10000,100,,,,,,1
1285,26,11,1e-05,3,,10000,100,,,,,,1
1286,26,12,0.0,3,,10000,100,,,,,,1
1287,26,13,0.000381,3,,10000,100,,,,,,1
1288,26,14,0.0,3,,10000,100,,,,,,1
1289,26,15,0.0,3,,10000,100,,,,,,1
1290,26,16,1.790758,3,,10000,100,,,,,,1
1291,26,17,0.0,3,,10000,100,,,,,,1
1292,26,18,0.0,3,,10000,100,,,,,,1
1293,26,19,0.0,3,,10000,100,,,,,,1
1294,26,20,0.0,3,,10000,100,,,,,,1
1295,26,21,0.0,3,,10000,100,,,,,,1
1296,26,22,0.0,3,,10000,100,,,,,,1
1297,26,23,0.0,3,,10000,100,,,,,,1
1298,26,24,0.0,3,,10000,100,,,,,,1
1299,26,25,0.0,3,,10000,100,,,,,,1
1300,26,27,0.0,3,,10000,100,,,,,,1
1301,26,28,0.0,3,,10000,100,,,,,,1
1302,26,29,0.00325,3,,10000,100,,,,,,1
1303,26,30,0.0,3,,10000,100,,,,,,1
1304,26,31,0.0,3,,10000,100,,,,,,1
1305,26,32,0.0,3,,10000,100,,,,,,1
1306,26,33,0.0,3,,10000,100,,,,,,1
1307,26,34,0.074982,3,,10000,100,,,,,,1
1308,26,35,0.0,3,,10000,100,,,,,,1
1309,26,36,0.0,3,,10000,100,,,,,,1
1310,26,37,2.5e-05,3,,10000,100,,,,,,1
1311,26,38,1e-06,3,,10000,100,,,,,,1
1312,26,39,0.0,3,,10000,100,,,,,,1
1313,26,40,0.0,3,,10000,100,,,,,,1
1314,26,41,4e-06,3,,10000,100,,,,,,1
1315,26,42,0.0,3,,10000,100,,,,,,1
1316,26,43,1e-06,3,,10000,100,,,,,,1
1317,26,44,0.0,3,,10000,100,,,,,,1
1318,26,45,0.0,3,,10000,100,,,,,,1
1319,26,46,0.0,3,,10000,100,,,,,,1
1320,26,47,0.0,3,,10000,100,,,,,,1
1321,26,48,0.0,3,,10000,100,,,,,,1
1322,26,49,0.0,3,,10000,100,,,,,,1
1323,27,0,0.000193,3,,10000,100,,,,,,1
1324,27,1,0.0,3,,10000,100,,,,,,1
1325,27,2,0.0,3,,10000,100,,,,,,1
1326,27,3,0.066308,3,,10000,100,,,,,,1
1327,27,4,0.0,3,,10000,100,,,,,,1
1328,27,5,1.7e-05,3,,10000,100,,,,,,1
1329,27,6,0.0,3,,10000,100,,,,,,1
1330,27,7,0.0,3,,10000,100,,,,,,1
1331,27,8,0.0,3,,10000,100,,,,,,1
1332,27,9,0.058392,3,,10000,100,,,,,,1
1333,27,10,0.0,3,,10000,100,,,,,,1
1334,27,11,0.010506,3,,10000,100,,,,,,1
1335,27,12,0.0,3,,10000,100,,,,,,1
1336,27,13,0.109573,3,,10000,100,,,,,,1
1337,27,14,0.000125,3,,10000,100,,,,,,1
1338,27,15,0.004305,3,,10000,100,,,,,,1
1339,27,16,2.79251,3,,10000,100,,,,,,1
1340,27,17,0.0,3,,10000,100,,,,,,1
1341,27,18,0.0,3,,10000,100,,,,,,1
1342,27,19,0.0,3,,10000,100,,,,,,1
1343,27,20,0.0,3,,10000,100,,,,,,1
1344,27,21,0.000192,3,,10000,100,,,,,,1
1345,27,22,0.999302,3,,10000,100,,,,,,1
1346,27,23,0.0,3,,10000,100,,,,,,1
1347,27,24,1.2e-05,3,,10000,100,,,,,,1
1348,27,25,0.000987,3,,10000,100,,,,,,1
1349,27,26,0.0,3,,10000,100,,,,,,1
1350,27,28,0.0,3,,10000,100,,,,,,1
1351,27,29,0.076602,3,,10000,100,,,,,,1
1352,27,30,0.0,3,,10000,100,,,,,,1
1353,27,31,0.003815,3,,10000,100,,,,,,1
1354,27,32,3.9e-05,3,,10000,100,,,,,,1
1355,27,33,0.0,3,,10000,100,,,,,,1
1356,27,34,0.224224,3,,10000,100,,,,,,1
1357,27,35,0.0,3,,10000,100,,,,,,1
1358,27,36,0.0,3,,10000,100,,,,,,1
1359,27,37,1.9e-05,3,,10000,100,,,,,,1
1360,27,38,0.00101,3,,10000,100,,,,,,1
1361,27,39,0.0,3,,10000,100,,,,,,1
1362,27,40,0.0,3,,10000,100,,,,,,1
1363,27,41,0.0,3,,10000,100,,,,,,1
1364,27,42,4.7e-05,3,,10000,100,,,,,,1
1365,27,43,0.0,3,,10000,100,,,,,,1
1366,27,44,0.0,3,,10000,100,,,,,,1
1367,27,45,0.0,3,,10000,100,,,,,,1
1368,27,46,0.0,3,,10000,100,,,,,,1
1369,27,47,0.0,3,,10000,100,,,,,,1
1370,27,48,0.0,3,,10000,100,,,,,,1
1371,27,49,0.0,3,,10000,100,,,,,,1
1372,28,0,0.0,3,,10000,100,,,,,,1
1373,28,1,0.0,3,,10000,100,,,,,,1
1374,28,2,0.0,3,,10000,100,,,,,,1
1375,28,3,0.0,3,,10000,100,,,,,,1
1376,28,4,0.0,3,,10000,100,,,,,,1
1377,28,5,0.0,3,,10000,100,,,,,,1
1378,28,6,0.0,3,,10000,100,,,,,,1
1379,28,7,0.0,3,,10000,100,,,,,,1
1380,28,8,0.0,3,,10000,100,,,,,,1
1381,28,9,0.0,3,,10000,100,,,,,,1
1382,28,10,0.0,3,,10000,100,,,,,,1
1383,28,11,0.0,3,,10000,100,,,,,,1
1384,28,12,0.0,3,,10000,100,,,,,,1
1385,28,13,0.0,3,,10000,100,,,,,,1
1386,28,14,0.0,3,,10000,100,,,,,,1
1387,28,15,0.0,3,,10000,100,,,,,,1
1388,28,16,0.0,3,,10000,100,,,,,,1
1389,28,17,0.0,3,,10000,100,,,,,,1
1390,28,18,0.0,3,,10000,100,,,,,,1
1391,28,19,0.0,3,,10000,100,,,,,,1
1392,28,20,0.0,3,,10000,100,,,,,,1
1393,28,21,0.0,3,,10000,100,,,,,,1
1394,28,22,0.0,3,,10000,100,,,,,,1
1395,28,23,0.0,3,,10000,100,,,,,,1
1396,28,24,0.0,3,,10000,100,,,,,,1
1397,28,25,0.0,3,,10000,100,,,,,,1
1398,28,26,0.0,3,,10000,100,,,,,,1
1399,28,27,0.0,3,,10000,100,,,,,,1
1400,28,29,0.0,3,,10000,100,,,,,,1
1401,28,30,0.0,3,,10000,100,,,,,,1
1402,28,31,0.0,3,,10000,100,,,,,,1
1403,28,32,0.0,3,,10000,100,,,,,,1
1404,28,33,0.0,3,,10000,100,,,,,,1
1405,28,34,0.0,3,,10000,100,,,,,,1
1406,28,35,0.0,3,,10000,100,,,,,,1
1407,28,36,0.0,3,,10000,100,,,,,,1
1408,28,37,0.0,3,,10000,100,,,,,,1
1409,28,38,0.0,3,,10000,100,,,,,,1
1410,28,39,0.0,3,,10000,100,,,,,,1
1411,28,40,0.0,3,,10000,100,,,,,,1
1412,28,41,0.0,3,,10000,100,,,,,,1
1413,28,42,0.0,3,,10000,100,,,,,,1
1414,28,43,0.0,3,,10000,100,,,,,,1
1415,28,44,0.0,3,,10000,100,,,,,,1
1416,28,45,0.0,3,,10000,100,,,,,,1
1417,28,46,0.0,3,,10000,100,,,,,,1
1418,28,47,0.0,3,,10000,100,,,,,,1
1419,28,48,0.0,3,,10000,100,,,,,,1
1420,28,49,0.0,3,,10000,100,,,,,,1
1421,29,0,0.216118,3,,10000,100,,,,,,1
1422,29,1,0.006474,3,,10000,100,,,,,,1
1423,29,2,2.994196,3,,10000,100,,,,,,1
1424,29,3,7.201853,3,,10000,100,,,,,,1
1425,29,4,0.0,3,,10000,100,,,,,,1
1426,29,5,0.053943,3,,10000,100,,,,,,1
1427,29,6,0.067851,3,,10000,100,,,,,,1
1428,29,7,0.159712,3,,10000,100,,,,,,1
1429,29,8,0.4184,3,,10000,100,,,,,,1
1430,29,9,1.630286,3,,10000,100,,,,,,1
1431,29,10,0.004679,3,,10000,100,,,,,,1
1432,29,11,0.092566,3,,10000,100,,,,,,1
1433,29,12,0.000697,3,,10000,100,,,,,,1
1434,29,13,2.594857,3,,10000,100,,,,,,1
1435,29,14,0.049964,3,,10000,100,,,,,,1
1436,29,15,0.0,3,,10000,100,,,,,,1
1437,29,16,68.517074,3,,10000,100,,,,,,1
1438,29,17,0.0,3,,10000,100,,,,,,1
1439,29,18,1.8e-05,3,,10000,100,,,,,,1
1440,29,19,0.01981,3,,10000,100,,,,,,1
1441,29,20,0.066606,3,,10000,100,,,,,,1
1442,29,21,0.072212,3,,10000,100,,,,,,1
1443,29,22,0.099604,3,,10000,100,,,,,,1
1444,29,23,0.029681,3,,10000,100,,,,,,1
1445,29,24,0.026662,3,,10000,100,,,,,,1
1446,29,25,0.792118,3,,10000,100,,,,,,1
1447,29,26,0.017358,3,,10000,100,,,,,,1
1448,29,27,0.002876,3,,10000,100,,,,,,1
1449,29,28,0.0,3,,10000,100,,,,,,1
1450,29,30,0.0,3,,10000,100,,,,,,1
1451,29,31,0.191224,3,,10000,100,,,,,,1
1452,29,32,0.071011,3,,10000,100,,,,,,1
1453,29,33,0.101071,3,,10000,100,,,,,,1
1454,29,34,0.311024,3,,10000,100,,,,,,1
1455,29,35,0.277963,3,,10000,100,,,,,,1
1456,29,36,4e-06,3,,10000,100,,,,,,1
1457,29,37,0.048263,3,,10000,100,,,,,,1
1458,29,38,0.345025,3,,10000,100,,,,,,1
1459,29,39,0.038973,3,,10000,100,,,,,,1
1460,29,40,9e-06,3,,10000,100,,,,,,1
1461,29,41,0.011959,3,,10000,100,,,,,,1
1462,29,42,0.001048,3,,10000,100,,,,,,1
1463,29,43,0.215345,3,,10000,100,,,,,,1
1464,29,44,0.000467,3,,10000,100,,,,,,1
1465,29,45,8.659527,3,,10000,100,,,,,,1
1466,29,46,0.000239,3,,10000,100,,,,,,1
1467,29,47,0.0,3,,10000,100,,,,,,1
1468,29,48,0.0,3,,10000,100,,,,,,1
1469,29,49,0.015535,3,,10000,100,,,,,,1
1470,30,0,0.0,3,,10000,100,,,,,,1
1471,30,1,0.0,3,,10000,100,,,,,,1
1472,30,2,0.0,3,,10000,100,,,,,,1
1473,30,3,2e-06,3,,10000,100,,,,,,1
1474,30,4,0.0,3,,10000,100,,,,,,1
1475,30,5,0.0,3,,10000,100,,,,,,1
1476,30,6,0.0,3,,10000,100,,,,,,1
1477,30,7,0.0,3,,10000,100,,,,,,1
1478,30,8,0.0,3,,10000,100,,,,,,1
1479,30,9,9e-06,3,,10000,100,,,,,,1
1480,30,10,0.0,3,,10000,100,,,,,,1
1481,30,11,0.0,3,,10000,100,,,,,,1
1482,30,12,0.0,3,,10000,100,,,,,,1
1483,30,13,5e-05,3,,10000,100,,,,,,1
1484,30,14,0.0,3,,10000,100,,,,,,1
1485,30,15,0.0,3,,10000,100,,,,,,1
1486,30,16,0.000279,3,,10000,100,,,,,,1
1487,30,17,0.0,3,,10000,100,,,,,,1
1488,30,18,0.0,3,,10000,100,,,,,,1
1489,30,19,0.0,3,,10000,100,,,,,,1
1490,30,20,0.0,3,,10000,100,,,,,,1
1491,30,21,0.0,3,,10000,100,,,,,,1
1492,30,22,0.0,3,,10000,100,,,,,,1
1493,30,23,0.0,3,,10000,100,,,,,,1
1494,30,24,0.0,3,,10000,100,,,,,,1
1495,30,25,0.0,3,,10000,100,,,,,,1
1496,30,26,0.0,3,,10000,100,,,,,,1
1497,30,27,0.0,3,,10000,100,,,,,,1
1498,30,28,0.0,3,,10000,100,,,,,,1
1499,30,29,0.0,3,,10000,100,,,,,,1
1500,30,31,0.0,3,,10000,100,,,,,,1
1501,30,32,0.0,3,,10000,100,,,,,,1
1502,30,33,0.0,3,,10000,100,,,,,,1
1503,30,34,0.00777,3,,10000,100,,,,,,1
1504,30,35,0.0,3,,10000,100,,,,,,1
1505,30,36,0.0,3,,10000,100,,,,,,1
1506,30,37,2e-06,3,,10000,100,,,,,,1
1507,30,38,0.0,3,,10000,100,,,,,,1
1508,30,39,0.0,3,,10000,100,,,,,,1
1509,30,40,0.0,3,,10000,100,,,,,,1
1510,30,41,0.0,3,,10000,100,,,,,,1
1511,30,42,0.0,3,,10000,100,,,,,,1
1512,30,43,0.0,3,,10000,100,,,,,,1
1513,30,44,0.0,3,,10000,100,,,,,,1
1514,30,45,4e-06,3,,10000,100,,,,,,1
1515,30,46,0.0,3,,10000,100,,,,,,1
1516,30,47,0.0,3,,10000,100,,,,,,1
1517,30,48,0.0,3,,10000,100,,,,,,1
1518,30,49,0.0,3,,10000,100,,,,,,1
1519,31,0,0.557684,3,,10000,100,,,,,,1
1520,31,1,0.104083,3,,10000,100,,,,,,1
1521,31,2,0.001977,3,,10000,100,,,,,,1
1522,31,3,0.306556,3,,10000,100,,,,,,1
1523,31,4,0.0,3,,10000,100,,,,,,1
1524,31,5,0.224285,3,,10000,100,,,,,,1
1525,31,6,0.309575,3,,10000,100,,,,,,1
1526,31,7,0.001091,3,,10000,100,,,,,,1
1527,31,8,0.897569,3,,10000,100,,,,,,1
1528,31,9,0.555438,3,,10000,100,,,,,,1
1529,31,10,0.057441,3,,10000,100,,,,,,1
1530,31,11,0.750174,3,,10000,100,,,,,,1
1531,31,12,0.002652,3,,10000,100,,,,,,1
1532,31,13,4.253623,3,,10000,100,,,,,,1
1533,31,14,0.069757,3,,10000,100,,,,,,1
1534,31,15,0.0,3,,10000,100,,,,,,1
1535,31,16,12.404055,3,,10000,100,,,,,,1
1536,31,17,0.0,3,,10000,100,,,,,,1
1537,31,18,0.000298,3,,10000,100,,,,,,1
1538,31,19,0.066189,3,,10000,100,,,,,,1
1539,31,20,0.104568,3,,10000,100,,,,,,1
1540,31,21,0.109718,3,,10000,100,,,,,,1
1541,31,22,1.178938,3,,10000,100,,,,,,1
1542,31,23,0.037407,3,,10000,100,,,,,,1
1543,31,24,0.64928,3,,10000,100,,,,,,1
1544,31,25,0.620524,3,,10000,100,,,,,,1
1545,31,26,0.023463,3,,10000,100,,,,,,1
1546,31,27,0.059545,3,,10000,100,,,,,,1
1547,31,28,0.0,3,,10000,100,,,,,,1
1548,31,29,0.366837,3,,10000,100,,,,,,1
1549,31,30,0.0,3,,10000,100,,,,,,1
1550,31,32,0.112041,3,,10000,100,,,,,,1
1551,31,33,0.00051,3,,10000,100,,,,,,1
1552,31,34,0.795077,3,,10000,100,,,,,,1
1553,31,35,0.390924,3,,10000,100,,,,,,1
1554,31,36,0.0,3,,10000,100,,,,,,1
1555,31,37,0.10078,3,,10000,100,,,,,,1
1556,31,38,0.137812,3,,10000,100,,,,,,1
1557,31,39,0.087369,3,,10000,100,,,,,,1
1558,31,40,0.006297,3,,10000,100,,,,,,1
1559,31,41,0.013404,3,,10000,100,,,,,,1
1560,31,42,0.029851,3,,10000,100,,,,,,1
1561,31,43,0.476197,3,,10000,100,,,,,,1
1562,31,44,0.000514,3,,10000,100,,,,,,1
1563,31,45,0.219208,3,,10000,100,,,,,,1
1564,31,46,0.000193,3,,10000,100,,,,,,1
1565,31,47,0.0,3,,10000,100,,,,,,1
1566,31,48,0.0,3,,10000,100,,,,,,1
1567,31,49,0.059046,3,,10000,100,,,,,,1
1568,32,0,1.7e-05,3,,10000,100,,,,,,1
1569,32,1,0.0,3,,10000,100,,,,,,1
1570,32,2,0.0,3,,10000,100,,,,,,1
1571,32,3,0.063267,3,,10000,100,,,,,,1
1572,32,4,0.0,3,,10000,100,,,,,,1
1573,32,5,0.004911,3,,10000,100,,,,,,1
1574,32,6,0.0,3,,10000,100,,,,,,1
1575,32,7,0.0,3,,10000,100,,,,,,1
1576,32,8,0.000132,3,,10000,100,,,,,,1
1577,32,9,0.439644,3,,10000,100,,,,,,1
1578,32,10,0.000365,3,,10000,100,,,,,,1
1579,32,11,0.00019,3,,10000,100,,,,,,1
1580,32,12,0.0,3,,10000,100,,,,,,1
1581,32,13,0.195922,3,,10000,100,,,,,,1
1582,32,14,5e-06,3,,10000,100,,,,,,1
1583,32,15,0.0,3,,10000,100,,,,,,1
1584,32,16,14.99141,3,,10000,100,,,,,,1
1585,32,17,0.0,3,,10000,100,,,,,,1
1586,32,18,0.0,3,,10000,100,,,,,,1
1587,32,19,0.0,3,,10000,100,,,,,,1
1588,32,20,0.0,3,,10000,100,,,,,,1
1589,32,21,0.000285,3,,10000,100,,,,,,1
1590,32,22,0.026556,3,,10000,100,,,,,,1
1591,32,23,0.004222,3,,10000,100,,,,,,1
1592,32,24,1.7e-05,3,,10000,100,,,,,,1
1593,32,25,0.014766,3,,10000,100,,,,,,1
1594,32,26,0.0,3,,10000,100,,,,,,1
1595,32,27,0.0,3,,10000,100,,,,,,1
1596,32,28,0.0,3,,10000,100,,,,,,1
1597,32,29,0.194238,3,,10000,100,,,,,,1
1598,32,30,0.0,3,,10000,100,,,,,,1
1599,32,31,3.275751,3,,10000,100,,,,,,1
1600,32,33,0.0,3,,10000,100,,,,,,1
1601,32,34,0.785737,3,,10000,100,,,,,,1
1602,32,35,6e-06,3,,10000,100,,,,,,1
1603,32,36,0.0,3,,10000,100,,,,,,1
1604,32,37,4.8e-05,3,,10000,100,,,,,,1
1605,32,38,0.000218,3,,10000,100,,,,,,1
1606,32,39,0.0,3,,10000,100,,,,,,1
1607,32,40,0.0,3,,10000,100,,,,,,1
1608,32,41,0.00011,3,,10000,100,,,,,,1
1609,32,42,0.0,3,,10000,100,,,,,,1
1610,32,43,0.00357,3,,10000,100,,,,,,1
1611,32,44,0.0,3,,10000,100,,,,,,1
1612,32,45,0.000205,3,,10000,100,,,,,,1
1613,32,46,0.0,3,,10000,100,,,,,,1
1614,32,47,0.0,3,,10000,100,,,,,,1
1615,32,48,0.0,3,,10000,100,,,,,,1
1616,32,49,6e-06,3,,10000,100,,,,,,1
1617,33,0,0.0,3,,10000,100,,,,,,1
1618,33,1,0.0,3,,10000,100,,,,,,1
1619,33,2,0.0,3,,10000,100,,,,,,1
1620,33,3,0.001629,3,,10000,100,,,,,,1
1621,33,4,0.0,3,,10000,100,,,,,,1
1622,33,5,2.7e-05,3,,10000,100,,,,,,1
1623,33,6,0.0,3,,10000,100,,,,,,1
1624,33,7,0.0,3,,10000,100,,,,,,1
1625,33,8,1.4e-05,3,,10000,100,,,,,,1
1626,33,9,0.001051,3,,10000,100,,,,,,1
1627,33,10,0.000399,3,,10000,100,,,,,,1
1628,33,11,0.00025,3,,10000,100,,,,,,1
1629,33,12,0.0,3,,10000,100,,,,,,1
1630,33,13,0.115561,3,,10000,100,,,,,,1
1631,33,14,1.5e-05,3,,10000,100,,,,,,1
1632,33,15,0.0,3,,10000,100,,,,,,1
1633,33,16,1.82345,3,,10000,100,,,,,,1
1634,33,17,0.0,3,,10000,100,,,,,,1
1635,33,18,0.0,3,,10000,100,,,,,,1
1636,33,19,4e-06,3,,10000,100,,,,,,1
1637,33,20,0.0,3,,10000,100,,,,,,1
1638,33,21,0.000379,3,,10000,100,,,,,,1
1639,33,22,0.000189,3,,10000,100,,,,,,1
1640,33,23,0.001703,3,,10000,100,,,,,,1
1641,33,24,1.5e-05,3,,10000,100,,,,,,1
1642,33,25,0.00244,3,,10000,100,,,,,,1
1643,33,26,0.0,3,,10000,100,,,,,,1
1644,33,27,0.0,3,,10000,100,,,,,,1
1645,33,28,0.0,3,,10000,100,,,,,,1
1646,33,29,0.003729,3,,10000,100,,,,,,1
1647,33,30,0.0,3,,10000,100,,,,,,1
1648,33,31,6.6e-05,3,,10000,100,,,,,,1
1649,33,32,0.0,3,,10000,100,,,,,,1
1650,33,34,0.001301,3,,10000,100,,,,,,1
1651,33,35,0.000203,3,,10000,100,,,,,,1
1652,33,36,0.0,3,,10000,100,,,,,,1
1653,33,37,2e-05,3,,10000,100,,,,,,1
1654,33,38,0.0,3,,10000,100,,,,,,1
1655,33,39,0.0,3,,10000,100,,,,,,1
1656,33,40,0.0,3,,10000,100,,,,,,1
1657,33,41,0.0,3,,10000,100,,,,,,1
1658,33,42,0.006382,3,,10000,100,,,,,,1
1659,33,43,0.0,3,,10000,100,,,,,,1
1660,33,44,0.0,3,,10000,100,,,,,,1
1661,33,45,0.070375,3,,10000,100,,,,,,1
1662,33,46,0.0,3,,10000,100,,,,,,1
1663,33,47,0.0,3,,10000,100,,,,,,1
1664,33,48,0.0,3,,10000,100,,,,,,1
1665,33,49,4e-06,3,,10000,100,,,,,,1
1666,34,0,48.99081,3,,10000,100,,,,,,1
1667,34,1,0.050749,3,,10000,100,,,,,,1
1668,34,2,0.075563,3,,10000,100,,,,,,1
1669,34,3,1.125329,3,,10000,100,,,,,,1
1670,34,4,0.0,3,,10000,100,,,,,,1
1671,34,5,0.358971,3,,10000,100,,,,,,1
1672,34,6,0.283203,3,,10000,100,,,,,,1
1673,34,7,0.016065,3,,10000,100,,,,,,1
1674,34,8,0.992289,3,,10000,100,,,,,,1
1675,34,9,1.136907,3,,10000,100,,,,,,1
1676,34,10,4.535411,3,,10000,100,,,,,,1
1677,34,11,0.466283,3,,10000,100,,,,,,1
1678,34,12,0.010203,3,,10000,100,,,,,,1
1679,34,13,5.949242,3,,10000,100,,,,,,1
1680,34,14,0.107567,3,,10000,100,,,,,,1
1681,34,15,0.0,3,,10000,100,,,,,,1
1682,34,16,96.351213,3,,10000,100,,,,,,1
1683,34,17,0.0,3,,10000,100,,,,,,1
1684,34,18,0.0,3,,10000,100,,,,,,1
1685,34,19,0.024422,3,,10000,100,,,,,,1
1686,34,20,0.957707,3,,10000,100,,,,,,1
1687,34,21,0.099299,3,,10000,100,,,,,,1
1688,34,22,0.1018,3,,10000,100,,,,,,1
1689,34,23,0.021474,3,,10000,100,,,,,,1
1690,34,24,0.049143,3,,10000,100,,,,,,1
1691,34,25,0.489186,3,,10000,100,,,,,,1
1692,34,26,0.002976,3,,10000,100,,,,,,1
1693,34,27,0.038867,3,,10000,100,,,,,,1
1694,34,28,0.0,3,,10000,100,,,,,,1
1695,34,29,6.338455,3,,10000,100,,,,,,1
1696,34,30,0.002829,3,,10000,100,,,,,,1
1697,34,31,0.386687,3,,10000,100,,,,,,1
1698,34,32,0.3339,3,,10000,100,,,,,,1
1699,34,33,0.002207,3,,10000,100,,,,,,1
1700,34,35,0.279165,3,,10000,100,,,,,,1
1701,34,36,0.000326,3,,10000,100,,,,,,1
1702,34,37,0.180144,3,,10000,100,,,,,,1
1703,34,38,0.231125,3,,10000,100,,,,,,1
1704,34,39,0.091382,3,,10000,100,,,,,,1
1705,34,40,0.001461,3,,10000,100,,,,,,1
1706,34,41,0.172403,3,,10000,100,,,,,,1
1707,34,42,0.005402,3,,10000,100,,,,,,1
1708,34,43,0.405241,3,,10000,100,,,,,,1
1709,34,44,0.0,3,,10000,100,,,,,,1
1710,34,45,0.296946,3,,10000,100,,,,,,1
1711,34,46,0.0,3,,10000,100,,,,,,1
1712,34,47,0.0,3,,10000,100,,,,,,1
1713,34,48,0.0,3,,10000,100,,,,,,1
1714,34,49,0.044883,3,,10000,100,,,,,,1
1715,35,0,0.008753,3,,10000,100,,,,,,1
1716,35,1,0.000191,3,,10000,100,,,,,,1
1717,35,2,0.0,3,,10000,100,,,,,,1
1718,35,3,0.243657,3,,10000,100,,,,,,1
1719,35,4,0.0,3,,10000,100,,,,,,1
1720,35,5,0.00224,3,,10000,100,,,,,,1
1721,35,6,0.003815,3,,10000,100,,,,,,1
1722,35,7,0.0,3,,10000,100,,,,,,1
1723,35,8,0.000249,3,,10000,100,,,,,,1
1724,35,9,1.312754,3,,10000,100,,,,,,1
1725,35,10,0.004089,3,,10000,100,,,,,,1
1726,35,11,0.001734,3,,10000,100,,,,,,1
1727,35,12,0.0,3,,10000,100,,,,,,1
1728,35,13,0.473122,3,,10000,100,,,,,,1
1729,35,14,0.096812,3,,10000,100,,,,,,1
1730,35,15,0.0,3,,10000,100,,,,,,1
1731,35,16,39.545673,3,,10000,100,,,,,,1
1732,35,17,0.0,3,,10000,100,,,,,,1
1733,35,18,0.0,3,,10000,100,,,,,,1
1734,35,19,0.0,3,,10000,100,,,,,,1
1735,35,20,0.001221,3,,10000,100,,,,,,1
1736,35,21,0.0,3,,10000,100,,,,,,1
1737,35,22,1.181854,3,,10000,100,,,,,,1
1738,35,23,0.0,3,,10000,100,,,,,,1
1739,35,24,0.000353,3,,10000,100,,,,,,1
1740,35,25,0.068695,3,,10000,100,,,,,,1
1741,35,26,0.0,3,,10000,100,,,,,,1
1742,35,27,0.0,3,,10000,100,,,,,,1
1743,35,28,0.0,3,,10000,100,,,,,,1
1744,35,29,0.235858,3,,10000,100,,,,,,1
1745,35,30,0.0,3,,10000,100,,,,,,1
1746,35,31,8.317261,3,,10000,100,,,,,,1
1747,35,32,0.0,3,,10000,100,,,,,,1
1748,35,33,0.000153,3,,10000,100,,,,,,1
1749,35,34,1.556028,3,,10000,100,,,,,,1
1750,35,36,0.0,3,,10000,100,,,,,,1
1751,35,37,0.008924,3,,10000,100,,,,,,1
1752,35,38,0.171987,3,,10000,100,,,,,,1
1753,35,39,0.001162,3,,10000,100,,,,,,1
1754,35,40,0.0,3,,10000,100,,,,,,1
1755,35,41,0.00073,3,,10000,100,,,,,,1
1756,35,42,0.0,3,,10000,100,,,,,,1
1757,35,43,0.003601,3,,10000,100,,,,,,1
1758,35,44,0.0,3,,10000,100,,,,,,1
1759,35,45,0.004117,3,,10000,100,,,,,,1
1760,35,46,0.0,3,,10000,100,,,,,,1
1761,35,47,0.0,3,,10000,100,,,,,,1
1762,35,48,0.0,3,,10000,100,,,,,,1
1763,35,49,0.000122,3,,10000,100,,,,,,1
1764,36,0,0.0,3,,10000,100,,,,,,1
1765,36,1,0.0,3,,10000,100,,,,,,1
1766,36,2,0.0,3,,10000,100,,,,,,1
1767,36,3,9.1e-05,3,,10000,100,,,,,,1
1768,36,4,0.0,3,,10000,100,,,,,,1
1769,36,5,2.3e-05,3,,10000,100,,,,,,1
1770,36,6,2.5e-05,3,,10000,100,,,,,,1
1771,36,7,0.012583,3,,10000,100,,,,,,1
1772,36,8,0.0,3,,10000,100,,,,,,1
1773,36,9,0.000955,3,,10000,100,,,,,,1
1774,36,10,0.0,3,,10000,100,,,,,,1
1775,36,11,2e-06,3,,10000,100,,,,,,1
1776,36,12,0.0,3,,10000,100,,,,,,1
1777,36,13,0.011243,3,,10000,100,,,,,,1
1778,36,14,0.0,3,,10000,100,,,,,,1
1779,36,15,1.4e-05,3,,10000,100,,,,,,1
1780,36,16,0.075173,3,,10000,100,,,,,,1
1781,36,17,0.0,3,,10000,100,,,,,,1
1782,36,18,0.0,3,,10000,100,,,,,,1
1783,36,19,0.0,3,,10000,100,,,,,,1
1784,36,20,0.0,3,,10000,100,,,,,,1
1785,36,21,0.0,3,,10000,100,,,,,,1
1786,36,22,0.066175,3,,10000,100,,,,,,1
1787,36,23,3e-05,3,,10000,100,,,,,,1
1788,36,24,0.0,3,,10000,100,,,,,,1
1789,36,25,0.000224,3,,10000,100,,,,,,1
1790,36,26,0.0,3,,10000,100,,,,,,1
1791,36,27,0.0,3,,10000,100,,,,,,1
1792,36,28,0.0,3,,10000,100,,,,,,1
1793,36,29,3.3e-05,3,,10000,100,,,,,,1
1794,36,30,0.0,3,,10000,100,,,,,,1
1795,36,31,0.000307,3,,10000,100,,,,,,1
1796,36,32,0.0,3,,10000,100,,,,,,1
1797,36,33,0.0,3,,10000,100,,,,,,1
1798,36,34,0.000307,3,,10000,100,,,,,,1
1799,36,35,4e-06,3,,10000,100,,,,,,1
1800,36,37,1.5e-05,3,,10000,100,,,,,,1
1801,36,38,0.007973,3,,10000,100,,,,,,1
1802,36,39,0.0,3,,10000,100,,,,,,1
1803,36,40,0.0,3,,10000,100,,,,,,1
1804,36,41,0.0,3,,10000,100,,,,,,1
1805,36,42,0.0,3,,10000,100,,,,,,1
1806,36,43,0.012654,3,,10000,100,,,,,,1
1807,36,44,0.0,3,,10000,100,,,,,,1
1808,36,45,2.3e-05,3,,10000,100,,,,,,1
1809,36,46,0.0,3,,10000,100,,,,,,1
1810,36,47,0.0,3,,10000,100,,,,,,1
1811,36,48,0.0,3,,10000,100,,,,,,1
1812,36,49,0.0,3,,10000,100,,,,,,1
1813,37,0,0.000178,3,,10000,100,,,,,,1
1814,37,1,0.00103,3,,10000,100,,,,,,1
1815,37,2,0.004105,3,,10000,100,,,,,,1
1816,37,3,0.1598,3,,10000,100,,,,,,1
1817,37,4,0.0,3,,10000,100,,,,,,1
1818,37,5,0.000564,3,,10000,100,,,,,,1
1819,37,6,0.00058,3,,10000,100,,,,,,1
1820,37,7,0.000417,3,,10000,100,,,,,,1
1821,37,8,0.026835,3,,10000,100,,,,,,1
1822,37,9,2.137192,3,,10000,100,,,,,,1
1823,37,10,0.000566,3,,10000,100,,,,,,1
1824,37,11,0.004301,3,,10000,100,,,,,,1
1825,37,12,0.003815,3,,10000,100,,,,,,1
1826,37,13,0.449524,3,,10000,100,,,,,,1
1827,37,14,0.000764,3,,10000,100,,,,,,1
1828,37,15,0.0,3,,10000,100,,,,,,1
1829,37,16,24.294233,3,,10000,100,,,,,,1
1830,37,17,0.0,3,,10000,100,,,,,,1
1831,37,18,0.0,3,,10000,100,,,,,,1
1832,37,19,0.005433,3,,10000,100,,,,,,1
1833,37,20,4.3e-05,3,,10000,100,,,,,,1
1834,37,21,0.000387,3,,10000,100,,,,,,1
1835,37,22,0.120219,3,,10000,100,,,,,,1
1836,37,23,0.000204,3,,10000,100,,,,,,1
1837,37,24,0.018346,3,,10000,100,,,,,,1
1838,37,25,0.0,3,,10000,100,,,,,,1
1839,37,26,1.5e-05,3,,10000,100,,,,,,1
1840,37,27,0.000361,3,,10000,100,,,,,,1
1841,37,28,0.0,3,,10000,100,,,,,,1
1842,37,29,0.934202,3,,10000,100,,,,,,1
1843,37,30,0.0,3,,10000,100,,,,,,1
1844,37,31,13.547668,3,,10000,100,,,,,,1
1845,37,32,0.0,3,,10000,100,,,,,,1
1846,37,33,0.0,3,,10000,100,,,,,,1
1847,37,34,5.822504,3,,10000,100,,,,,,1
1848,37,35,0.004707,3,,10000,100,,,,,,1
1849,37,36,0.0,3,,10000,100,,,,,,1
1850,37,38,0.000217,3,,10000,100,,,,,,1
1851,37,39,0.001742,3,,10000,100,,,,,,1
1852,37,40,0.000338,3,,10000,100,,,,,,1
1853,37,41,0.004194,3,,10000,100,,,,,,1
1854,37,42,0.000463,3,,10000,100,,,,,,1
1855,37,43,0.000199,3,,10000,100,,,,,,1
1856,37,44,1.5e-05,3,,10000,100,,,,,,1
1857,37,45,0.003503,3,,10000,100,,,,,,1
1858,37,46,0.0,3,,10000,100,,,,,,1
1859,37,47,0.0,3,,10000,100,,,,,,1
1860,37,48,0.0,3,,10000,100,,,,,,1
1861,37,49,0.001358,3,,10000,100,,,,,,1
1862,38,0,0.005285,3,,10000,100,,,,,,1
1863,38,1,0.003224,3,,10000,100,,,,,,1
1864,38,2,5.4e-05,3,,10000,100,,,,,,1
1865,38,3,0.022328,3,,10000,100,,,,,,1
1866,38,4,0.0,3,,10000,100,,,,,,1
1867,38,5,0.017614,3,,10000,100,,,,,,1
1868,38,6,0.031127,3,,10000,100,,,,,,1
1869,38,7,0.026873,3,,10000,100,,,,,,1
1870,38,8,0.008565,3,,10000,100,,,,,,1
1871,38,9,0.245304,3,,10000,100,,,,,,1
1872,38,10,0.034293,3,,10000,100,,,,,,1
1873,38,11,0.02423,3,,10000,100,,,,,,1
1874,38,12,3.1e-05,3,,10000,100,,,,,,1
1875,38,13,0.284824,3,,10000,100,,,,,,1
1876,38,14,0.00729,3,,10000,100,,,,,,1
1877,38,15,1.7e-05,3,,10000,100,,,,,,1
1878,38,16,6.244118,3,,10000,100,,,,,,1
1879,38,17,0.0,3,,10000,100,,,,,,1
1880,38,18,0.0,3,,10000,100,,,,,,1
1881,38,19,3.4e-05,3,,10000,100,,,,,,1
1882,38,20,0.00033,3,,10000,100,,,,,,1
1883,38,21,0.003742,3,,10000,100,,,,,,1
1884,38,22,1.731391,3,,10000,100,,,,,,1
1885,38,23,0.002845,3,,10000,100,,,,,,1
1886,38,24,0.004598,3,,10000,100,,,,,,1
1887,38,25,0.020931,3,,10000,100,,,,,,1
1888,38,26,1e-06,3,,10000,100,,,,,,1
1889,38,27,9.9e-05,3,,10000,100,,,,,,1
1890,38,28,0.0,3,,10000,100,,,,,,1
1891,38,29,0.205378,3,,10000,100,,,,,,1
1892,38,30,0.0,3,,10000,100,,,,,,1
1893,38,31,0.009613,3,,10000,100,,,,,,1
1894,38,32,0.000497,3,,10000,100,,,,,,1
1895,38,33,0.0,3,,10000,100,,,,,,1
1896,38,34,1.712097,3,,10000,100,,,,,,1
1897,38,35,0.022355,3,,10000,100,,,,,,1
1898,38,36,0.008155,3,,10000,100,,,,,,1
1899,38,37,0.000484,3,,10000,100,,,,,,1
1900,38,39,0.002559,3,,10000,100,,,,,,1
1901,38,40,0.0,3,,10000,100,,,,,,1
1902,38,41,0.000402,3,,10000,100,,,,,,1
1903,38,42,4e-06,3,,10000,100,,,,,,1
1904,38,43,0.002495,3,,10000,100,,,,,,1
1905,38,44,0.000449,3,,10000,100,,,,,,1
1906,38,45,0.002009,3,,10000,100,,,,,,1
1907,38,46,0.000252,3,,10000,100,,,,,,1
1908,38,47,0.0,3,,10000,100,,,,,,1
1909,38,48,0.0,3,,10000,100,,,,,,1
1910,38,49,4.8e-05,3,,10000,100,,,,,,1
1911,39,0,0.001727,3,,10000,100,,,,,,1
1912,39,1,0.0,3,,10000,100,,,,,,1
1913,39,2,0.0,3,,10000,100,,,,,,1
1914,39,3,0.014882,3,,10000,100,,,,,,1
1915,39,4,0.0,3,,10000,100,,,,,,1
1916,39,5,0.001538,3,,10000,100,,,,,,1
1917,39,6,3.8e-05,3,,10000,100,,,,,,1
1918,39,7,0.0,3,,10000,100,,,,,,1
1919,39,8,0.0,3,,10000,100,,,,,,1
1920,39,9,0.126343,3,,10000,100,,,,,,1
1921,39,10,0.000199,3,,10000,100,,,,,,1
1922,39,11,2.9e-05,3,,10000,100,,,,,,1
1923,39,12,0.0,3,,10000,100,,,,,,1
1924,39,13,0.393985,3,,10000,100,,,,,,1
1925,39,14,0.000124,3,,10000,100,,,,,,1
1926,39,15,0.0,3,,10000,100,,,,,,1
1927,39,16,7.346506,3,,10000,100,,,,,,1
1928,39,17,0.0,3,,10000,100,,,,,,1
1929,39,18,0.0,3,,10000,100,,,,,,1
1930,39,19,2.3e-05,3,,10000,100,,,,,,1
1931,39,20,0.0,3,,10000,100,,,,,,1
1932,39,21,0.028871,3,,10000,100,,,,,,1
1933,39,22,0.747962,3,,10000,100,,,,,,1
1934,39,23,0.0,3,,10000,100,,,,,,1
1935,39,24,4.8e-05,3,,10000,100,,,,,,1
1936,39,25,0.311987,3,,10000,100,,,,,,1
1937,39,26,0.0,3,,10000,100,,,,,,1
1938,39,27,0.0,3,,10000,100,,,,,,1
1939,39,28,0.0,3,,10000,100,,,,,,1
1940,39,29,0.012847,3,,10000,100,,,,,,1
1941,39,30,0.0,3,,10000,100,,,,,,1
1942,39,31,1.993675,3,,10000,100,,,,,,1
1943,39,32,0.0,3,,10000,100,,,,,,1
1944,39,33,0.0,3,,10000,100,,,,,,1
1945,39,34,1.501825,3,,10000,100,,,,,,1
1946,39,35,0.0,3,,10000,100,,,,,,1
1947,39,36,0.0,3,,10000,100,,,,,,1
1948,39,37,6.2e-05,3,,10000,100,,,,,,1
1949,39,38,0.048237,3,,10000,100,,,,,,1
1950,39,40,0.0,3,,10000,100,,,,,,1
1951,39,41,0.005717,3,,10000,100,,,,,,1
1952,39,42,0.0,3,,10000,100,,,,,,1
1953,39,43,0.0,3,,10000,100,,,,,,1
1954,39,44,0.0,3,,10000,100,,,,,,1
1955,39,45,0.018551,3,,10000,100,,,,,,1
1956,39,46,0.0,3,,10000,100,,,,,,1
1957,39,47,0.0,3,,10000,100,,,,,,1
1958,39,48,0.0,3,,10000,100,,,,,,1
1959,39,49,0.0,3,,10000,100,,,,,,1
1960,40,0,5e-06,3,,10000,100,,,,,,1
1961,40,1,0.0,3,,10000,100,,,,,,1
1962,40,2,0.0,3,,10000,100,,,,,,1
1963,40,3,0.000155,3,,10000,100,,,,,,1
1964,40,4,0.0,3,,10000,100,,,,,,1
1965,40,5,3.3e-05,3,,10000,100,,,,,,1
1966,40,6,0.000115,3,,10000,100,,,,,,1
1967,40,7,0.0,3,,10000,100,,,,,,1
1968,40,8,0.0,3,,10000,100,,,,,,1
1969,40,9,0.011841,3,,10000,100,,,,,,1
1970,40,10,0.0,3,,10000,100,,,,,,1
1971,40,11,2e-06,3,,10000,100,,,,,,1
1972,40,12,0.0,3,,10000,100,,,,,,1
1973,40,13,0.043315,3,,10000,100,,,,,,1
1974,40,14,0.0,3,,10000,100,,,,,,1
1975,40,15,0.0,3,,10000,100,,,,,,1
1976,40,16,0.385959,3,,10000,100,,,,,,1
1977,40,17,0.0,3,,10000,100,,,,,,1
1978,40,18,0.0,3,,10000,100,,,,,,1
1979,40,19,0.0,3,,10000,100,,,,,,1
1980,40,20,0.0,3,,10000,100,,,,,,1
1981,40,21,0.0,3,,10000,100,,,,,,1
1982,40,22,1e-05,3,,10000,100,,,,,,1
1983,40,23,0.000109,3,,10000,100,,,,,,1
1984,40,24,0.000148,3,,10000,100,,,,,,1
1985,40,25,7.5e-05,3,,10000,100,,,,,,1
1986,40,26,0.0,3,,10000,100,,,,,,1
1987,40,27,0.0,3,,10000,100,,,,,,1
1988,40,28,0.0,3,,10000,100,,,,,,1
1989,40,29,1.7e-05,3,,10000,100,,,,,,1
1990,40,30,0.0,3,,10000,100,,,,,,1
1991,40,31,0.004666,3,,10000,100,,,,,,1
1992,40,32,0.0,3,,10000,100,,,,,,1
1993,40,33,0.0,3,,10000,100,,,,,,1
1994,40,34,0.006762,3,,10000,100,,,,,,1
1995,40,35,0.0,3,,10000,100,,,,,,1
1996,40,36,0.0,3,,10000,100,,,,,,1
1997,40,37,0.00308,3,,10000,100,,,,,,1
1998,40,38,0.0,3,,10000,100,,,,,,1
1999,40,39,2e-06,3,,10000,100,,,,,,1
2000,40,41,0.003837,3,,10000,100,,,,,,1
2001,40,42,0.0,3,,10000,100,,,,,,1
2002,40,43,0.0,3,,10000,100,,,,,,1
2003,40,44,0.0,3,,10000,100,,,,,,1
2004,40,45,0.0,3,,10000,100,,,,,,1
2005,40,46,0.0,3,,10000,100,,,,,,1
2006,40,47,0.0,3,,10000,100,,,,,,1
2007,40,48,0.0,3,,10000,100,,,,,,1
2008,40,49,7.1e-05,3,,10000,100,,,,,,1
2009,41,0,0.003347,3,,10000,100,,,,,,1
2010,41,1,0.000764,3,,10000,100,,,,,,1
2011,41,2,0.000889,3,,10000,100,,,,,,1
2012,41,3,0.016549,3,,10000,100,,,,,,1
2013,41,4,0.0,3,,10000,100,,,,,,1
2014,41,5,0.002569,3,,10000,100,,,,,,1
2015,41,6,0.0001,3,,10000,100,,,,,,1
2016,41,7,7e-06,3,,10000,100,,,,,,1
2017,41,8,1.4e-05,3,,10000,100,,,,,,1
2018,41,9,0.228529,3,,10000,100,,,,,,1
2019,41,10,0.011757,3,,10000,100,,,,,,1
2020,41,11,0.003422,3,,10000,100,,,,,,1
2021,41,12,4e-06,3,,10000,100,,,,,,1
2022,41,13,0.217578,3,,10000,100,,,,,,1
2023,41,14,0.001211,3,,10000,100,,,,,,1
2024,41,15,0.0,3,,10000,100,,,,,,1
2025,41,16,4.261153,3,,10000,100,,,,,,1
2026,41,17,0.0,3,,10000,100,,,,,,1
2027,41,18,4e-06,3,,10000,100,,,,,,1
2028,41,19,9e-05,3,,10000,100,,,,,,1
2029,41,20,0.000225,3,,10000,100,,,,,,1
2030,41,21,0.000182,3,,10000,100,,,,,,1
2031,41,22,0.003599,3,,10000,100,,,,,,1
2032,41,23,6.3e-05,3,,10000,100,,,,,,1
2033,41,24,0.001707,3,,10000,100,,,,,,1
2034,41,25,0.001431,3,,10000,100,,,,,,1
2035,41,26,2e-06,3,,10000,100,,,,,,1
2036,41,27,3.5e-05,3,,10000,100,,,,,,1
2037,41,28,0.0,3,,10000,100,,,,,,1
2038,41,29,0.063602,3,,10000,100,,,,,,1
2039,41,30,0.0,3,,10000,100,,,,,,1
2040,41,31,0.686644,3,,10000,100,,,,,,1
2041,41,32,0.00363,3,,10000,100,,,,,,1
2042,41,33,0.0,3,,10000,100,,,,,,1
2043,41,34,0.370459,3,,10000,100,,,,,,1
2044,41,35,0.000141,3,,10000,100,,,,,,1
2045,41,36,0.0,3,,10000,100,,,,,,1
2046,41,37,0.032147,3,,10000,100,,,,,,1
2047,41,38,0.000963,3,,10000,100,,,,,,1
2048,41,39,0.001677,3,,10000,100,,,,,,1
2049,41,40,0.002004,3,,10000,100,,,,,,1
2050,41,42,3.8e-05,3,,10000,100,,,,,,1
2051,41,43,3.3e-05,3,,10000,100,,,,,,1
2052,41,44,9e-06,3,,10000,100,,,,,,1
2053,41,45,0.000352,3,,10000,100,,,,,,1
2054,41,46,0.0,3,,10000,100,,,,,,1
2055,41,47,0.0,3,,10000,100,,,,,,1
2056,41,48,0.0,3,,10000,100,,,,,,1
2057,41,49,0.001164,3,,10000,100,,,,,,1
2058,42,0,0.0,3,,10000,100,,,,,,1
2059,42,1,0.000243,3,,10000,100,,,,,,1
2060,42,2,1.1e-05,3,,10000,100,,,,,,1
2061,42,3,0.000694,3,,10000,100,,,,,,1
2062,42,4,0.0,3,,10000,100,,,,,,1
2063,42,5,0.000261,3,,10000,100,,,,,,1
2064,42,6,2.3e-05,3,,10000,100,,,,,,1
2065,42,7,0.0,3,,10000,100,,,,,,1
2066,42,8,0.0,3,,10000,100,,,,,,1
2067,42,9,0.038944,3,,10000,100,,,,,,1
2068,42,10,0.000171,3,,10000,100,,,,,,1
2069,42,11,0.000134,3,,10000,100,,,,,,1
2070,42,12,0.0,3,,10000,100,,,,,,1
2071,42,13,0.508755,3,,10000,100,,,,,,1
2072,42,14,0.008411,3,,10000,100,,,,,,1
2073,42,15,0.0,3,,10000,100,,,,,,1
2074,42,16,2.410644,3,,10000,100,,,,,,1
2075,42,17,0.0,3,,10000,100,,,,,,1
2076,42,18,2.2e-05,3,,10000,100,,,,,,1
2077,42,19,0.0,3,,10000,100,,,,,,1
2078,42,20,5.3e-05,3,,10000,100,,,,,,1
2079,42,21,0.001215,3,,10000,100,,,,,,1
2080,42,22,0.016443,3,,10000,100,,,,,,1
2081,42,23,0.005182,3,,10000,100,,,,,,1
2082,42,24,0.000534,3,,10000,100,,,,,,1
2083,42,25,7.9e-05,3,,10000,100,,,,,,1
2084,42,26,0.0,3,,10000,100,,,,,,1
2085,42,27,3e-05,3,,10000,100,,,,,,1
2086,42,28,0.0,3,,10000,100,,,,,,1
2087,42,29,0.000629,3,,10000,100,,,,,,1
2088,42,30,0.0,3,,10000,100,,,,,,1
2089,42,31,0.001541,3,,10000,100,,,,,,1
2090,42,32,0.0,3,,10000,100,,,,,,1
2091,42,33,0.000518,3,,10000,100,,,,,,1
2092,42,34,0.000102,3,,10000,100,,,,,,1
2093,42,35,0.0,3,,10000,100,,,,,,1
2094,42,36,0.0,3,,10000,100,,,,,,1
2095,42,37,0.000282,3,,10000,100,,,,,,1
2096,42,38,9.6e-05,3,,10000,100,,,,,,1
2097,42,39,2e-06,3,,10000,100,,,,,,1
2098,42,40,0.0,3,,10000,100,,,,,,1
2099,42,41,0.000239,3,,10000,100,,,,,,1
2100,42,43,0.000896,3,,10000,100,,,,,,1
2101,42,44,0.0,3,,10000,100,,,,,,1
2102,42,45,0.459195,3,,10000,100,,,,,,1
2103,42,46,0.0,3,,10000,100,,,,,,1
2104,42,47,0.0,3,,10000,100,,,,,,1
2105,42,48,0.0,3,,10000,100,,,,,,1
2106,42,49,3.7e-05,3,,10000,100,,,,,,1
2107,43,0,0.000309,3,,10000,100,,,,,,1
2108,43,1,0.0,3,,10000,100,,,,,,1
2109,43,2,0.000557,3,,10000,100,,,,,,1
2110,43,3,0.016341,3,,10000,100,,,,,,1
2111,43,4,0.0,3,,10000,100,,,,,,1
2112,43,5,0.000443,3,,10000,100,,,,,,1
2113,43,6,0.007697,3,,10000,100,,,,,,1
2114,43,7,1.7e-05,3,,10000,100,,,,,,1
2115,43,8,0.000589,3,,10000,100,,,,,,1
2116,43,9,0.90775,3,,10000,100,,,,,,1
2117,43,10,0.0,3,,10000,100,,,,,,1
2118,43,11,0.059036,3,,10000,100,,,,,,1
2119,43,12,0.0,3,,10000,100,,,,,,1
2120,43,13,0.375987,3,,10000,100,,,,,,1
2121,43,14,1.1e-05,3,,10000,100,,,,,,1
2122,43,15,0.0,3,,10000,100,,,,,,1
2123,43,16,21.837721,3,,10000,100,,,,,,1
2124,43,17,0.0,3,,10000,100,,,,,,1
2125,43,18,0.0,3,,10000,100,,,,,,1
2126,43,19,5.8e-05,3,,10000,100,,,,,,1
2127,43,20,0.006674,3,,10000,100,,,,,,1
2128,43,21,0.000214,3,,10000,100,,,,,,1
2129,43,22,0.638349,3,,10000,100,,,,,,1
2130,43,23,0.0,3,,10000,100,,,,,,1
2131,43,24,0.000638,3,,10000,100,,,,,,1
2132,43,25,0.000304,3,,10000,100,,,,,,1
2133,43,26,0.0,3,,10000,100,,,,,,1
2134,43,27,0.0,3,,10000,100,,,,,,1
2135,43,28,0.0,3,,10000,100,,,,,,1
2136,43,29,0.270713,3,,10000,100,,,,,,1
2137,43,30,0.0,3,,10000,100,,,,,,1
2138,43,31,5.389627,3,,10000,100,,,,,,1
2139,43,32,0.000809,3,,10000,100,,,,,,1
2140,43,33,0.0,3,,10000,100,,,,,,1
2141,43,34,1.558247,3,,10000,100,,,,,,1
2142,43,35,0.000325,3,,10000,100,,,,,,1
2143,43,36,0.149442,3,,10000,100,,,,,,1
2144,43,37,0.0004,3,,10000,100,,,,,,1
2145,43,38,0.015238,3,,10000,100,,,,,,1
2146,43,39,0.0,3,,10000,100,,,,,,1
2147,43,40,0.0,3,,10000,100,,,,,,1
2148,43,41,1e-06,3,,10000,100,,,,,,1
2149,43,42,0.0,3,,10000,100,,,,,,1
2150,43,44,0.0,3,,10000,100,,,,,,1
2151,43,45,0.000272,3,,10000,100,,,,,,1
2152,43,46,0.0,3,,10000,100,,,,,,1
2153,43,47,0.0,3,,10000,100,,,,,,1
2154,43,48,0.0,3,,10000,100,,,,,,1
2155,43,49,0.0,3,,10000,100,,,,,,1
2156,44,0,0.0,3,,10000,100,,,,,,1
2157,44,1,0.0,3,,10000,100,,,,,,1
2158,44,2,1.3e-05,3,,10000,100,,,,,,1
2159,44,3,8.1e-05,3,,10000,100,,,,,,1
2160,44,4,0.0,3,,10000,100,,,,,,1
2161,44,5,1.7e-05,3,,10000,100,,,,,,1
2162,44,6,2.1e-05,3,,10000,100,,,,,,1
2163,44,7,0.0,3,,10000,100,,,,,,1
2164,44,8,0.0,3,,10000,100,,,,,,1
2165,44,9,0.091944,3,,10000,100,,,,,,1
2166,44,10,3e-05,3,,10000,100,,,,,,1
2167,44,11,1.8e-05,3,,10000,100,,,,,,1
2168,44,12,0.0,3,,10000,100,,,,,,1
2169,44,13,0.053778,3,,10000,100,,,,,,1
2170,44,14,0.0,3,,10000,100,,,,,,1
2171,44,15,0.0,3,,10000,100,,,,,,1
2172,44,16,1.238041,3,,10000,100,,,,,,1
2173,44,17,0.0,3,,10000,100,,,,,,1
2174,44,18,0.0,3,,10000,100,,,,,,1
2175,44,19,8e-06,3,,10000,100,,,,,,1
2176,44,20,0.0,3,,10000,100,,,,,,1
2177,44,21,0.0,3,,10000,100,,,,,,1
2178,44,22,0.005031,3,,10000,100,,,,,,1
2179,44,23,2.4e-05,3,,10000,100,,,,,,1
2180,44,24,0.001008,3,,10000,100,,,,,,1
2181,44,25,0.0,3,,10000,100,,,,,,1
2182,44,26,0.0,3,,10000,100,,,,,,1
2183,44,27,0.0,3,,10000,100,,,,,,1
2184,44,28,0.0,3,,10000,100,,,,,,1
2185,44,29,0.000219,3,,10000,100,,,,,,1
2186,44,30,0.0,3,,10000,100,,,,,,1
2187,44,31,8e-06,3,,10000,100,,,,,,1
2188,44,32,0.0,3,,10000,100,,,,,,1
2189,44,33,0.0,3,,10000,100,,,,,,1
2190,44,34,0.0,3,,10000,100,,,,,,1
2191,44,35,0.0,3,,10000,100,,,,,,1
2192,44,36,0.0,3,,10000,100,,,,,,1
2193,44,37,8.2e-05,3,,10000,100,,,,,,1
2194,44,38,0.015423,3,,10000,100,,,,,,1
2195,44,39,2e-06,3,,10000,100,,,,,,1
2196,44,40,0.0,3,,10000,100,,,,,,1
2197,44,41,0.000115,3,,10000,100,,,,,,1
2198,44,42,0.0,3,,10000,100,,,,,,1
2199,44,43,0.0,3,,10000,100,,,,,,1
2200,44,45,0.031103,3,,10000,100,,,,,,1
2201,44,46,0.0,3,,10000,100,,,,,,1
2202,44,47,0.0,3,,10000,100,,,,,,1
2203,44,48,0.0,3,,10000,100,,,,,,1
2204,44,49,4.4e-05,3,,10000,100,,,,,,1
2205,45,0,2.234603,3,,10000,100,,,,,,1
2206,45,1,0.190425,3,,10000,100,,,,,,1
2207,45,2,0.047625,3,,10000,100,,,,,,1
2208,45,3,9.841998,3,,10000,100,,,,,,1
2209,45,4,0.0,3,,10000,100,,,,,,1
2210,45,5,1.041995,3,,10000,100,,,,,,1
2211,45,6,0.828043,3,,10000,100,,,,,,1
2212,45,7,0.029429,3,,10000,100,,,,,,1
2213,45,8,1.80619,3,,10000,100,,,,,,1
2214,45,9,0.249264,3,,10000,100,,,,,,1
2215,45,10,0.221396,3,,10000,100,,,,,,1
2216,45,11,5.62597,3,,10000,100,,,,,,1
2217,45,12,0.093498,3,,10000,100,,,,,,1
2218,45,13,18.201542,3,,10000,100,,,,,,1
2219,45,14,0.595184,3,,10000,100,,,,,,1
2220,45,15,0.00076,3,,10000,100,,,,,,1
2221,45,16,79.968042,3,,10000,100,,,,,,1
2222,45,17,0.0,3,,10000,100,,,,,,1
2223,45,18,0.015155,3,,10000,100,,,,,,1
2224,45,19,0.102086,3,,10000,100,,,,,,1
2225,45,20,0.355841,3,,10000,100,,,,,,1
2226,45,21,0.728769,3,,10000,100,,,,,,1
2227,45,22,2.509353,3,,10000,100,,,,,,1
2228,45,23,0.14086,3,,10000,100,,,,,,1
2229,45,24,0.497977,3,,10000,100,,,,,,1
2230,45,25,2.404848,3,,10000,100,,,,,,1
2231,45,26,0.014806,3,,10000,100,,,,,,1
2232,45,27,0.262011,3,,10000,100,,,,,,1
2233,45,28,0.0,3,,10000,100,,,,,,1
2234,45,29,1.146147,3,,10000,100,,,,,,1
2235,45,30,0.0,3,,10000,100,,,,,,1
2236,45,31,1.819604,3,,10000,100,,,,,,1
2237,45,32,0.286435,3,,10000,100,,,,,,1
2238,45,33,0.005905,3,,10000,100,,,,,,1
2239,45,34,1.371668,3,,10000,100,,,,,,1
2240,45,35,1.222515,3,,10000,100,,,,,,1
2241,45,36,0.000338,3,,10000,100,,,,,,1
2242,45,37,0.194887,3,,10000,100,,,,,,1
2243,45,38,0.48187,3,,10000,100,,,,,,1
2244,45,39,0.184125,3,,10000,100,,,,,,1
2245,45,40,0.00074,3,,10000,100,,,,,,1
2246,45,41,0.158215,3,,10000,100,,,,,,1
2247,45,42,0.313846,3,,10000,100,,,,,,1
2248,45,43,1.612251,3,,10000,100,,,,,,1
2249,45,44,0.01076,3,,10000,100,,,,,,1
2250,45,46,0.196452,3,,10000,100,,,,,,1
2251,45,47,0.0,3,,10000,100,,,,,,1
2252,45,48,0.0,3,,10000,100,,,,,,1
2253,45,49,0.190834,3,,10000,100,,,,,,1
2254,46,0,0.0,3,,10000,100,,,,,,1
2255,46,1,0.0,3,,10000,100,,,,,,1
2256,46,2,0.0,3,,10000,100,,,,,,1
2257,46,3,0.000244,3,,10000,100,,,,,,1
2258,46,4,0.0,3,,10000,100,,,,,,1
2259,46,5,0.0,3,,10000,100,,,,,,1
2260,46,6,0.0,3,,10000,100,,,,,,1
2261,46,7,0.0,3,,10000,100,,,,,,1
2262,46,8,0.0,3,,10000,100,,,,,,1
2263,46,9,0.004672,3,,10000,100,,,,,,1
2264,46,10,0.000132,3,,10000,100,,,,,,1
2265,46,11,0.0,3,,10000,100,,,,,,1
2266,46,12,0.0,3,,10000,100,,,,,,1
2267,46,13,0.042979,3,,10000,100,,,,,,1
2268,46,14,0.0,3,,10000,100,,,,,,1
2269,46,15,0.0,3,,10000,100,,,,,,1
2270,46,16,0.526586,3,,10000,100,,,,,,1
2271,46,17,0.0,3,,10000,100,,,,,,1
2272,46,18,0.0,3,,10000,100,,,,,,1
2273,46,19,0.0,3,,10000,100,,,,,,1
2274,46,20,0.0,3,,10000,100,,,,,,1
2275,46,21,0.0,3,,10000,100,,,,,,1
2276,46,22,0.002808,3,,10000,100,,,,,,1
2277,46,23,0.0,3,,10000,100,,,,,,1
2278,46,24,0.007935,3,,10000,100,,,,,,1
2279,46,25,0.0,3,,10000,100,,,,,,1
2280,46,26,0.0,3,,10000,100,,,,,,1
2281,46,27,0.0,3,,10000,100,,,,,,1
2282,46,28,0.0,3,,10000,100,,,,,,1
2283,46,29,0.0,3,,10000,100,,,,,,1
2284,46,30,0.0,3,,10000,100,,,,,,1
2285,46,31,0.0,3,,10000,100,,,,,,1
2286,46,32,0.0,3,,10000,100,,,,,,1
2287,46,33,0.0,3,,10000,100,,,,,,1
2288,46,34,0.0,3,,10000,100,,,,,,1
2289,46,35,0.0,3,,10000,100,,,,,,1
2290,46,36,0.0,3,,10000,100,,,,,,1
2291,46,37,0.0,3,,10000,100,,,,,,1
2292,46,38,0.0,3,,10000,100,,,,,,1
2293,46,39,0.0,3,,10000,100,,,,,,1
2294,46,40,0.0,3,,10000,100,,,,,,1
2295,46,41,0.0,3,,10000,100,,,,,,1
2296,46,42,0.0,3,,10000,100,,,,,,1
2297,46,43,0.0,3,,10000,100,,,,,,1
2298,46,44,0.0,3,,10000,100,,,,,,1
2299,46,45,0.006335,3,,10000,100,,,,,,1
2300,46,47,0.0,3,,10000,100,,,,,,1
2301,46,48,0.0,3,,10000,100,,,,,,1
2302,46,49,0.0,3,,10000,100,,,,,,1
2303,47,0,0.0,3,,10000,100,,,,,,1
2304,47,1,0.0,3,,10000,100,,,,,,1
2305,47,2,0.0,3,,10000,100,,,,,,1
2306,47,3,3e-06,3,,10000,100,,,,,,1
2307,47,4,0.0,3,,10000,100,,,,,,1
2308,47,5,0.0,3,,10000,100,,,,,,1
2309,47,6,0.0,3,,10000,100,,,,,,1
2310,47,7,0.0,3,,10000,100,,,,,,1
2311,47,8,0.0,3,,10000,100,,,,,,1
2312,47,9,4.2e-05,3,,10000,100,,,,,,1
2313,47,10,0.0,3,,10000,100,,,,,,1
2314,47,11,0.0,3,,10000,100,,,,,,1
2315,47,12,0.0,3,,10000,100,,,,,,1
2316,47,13,2.1e-05,3,,10000,100,,,,,,1
2317,47,14,0.0,3,,10000,100,,,,,,1
2318,47,15,0.0,3,,10000,100,,,,,,1
2319,47,16,0.000461,3,,10000,100,,,,,,1
2320,47,17,0.0,3,,10000,100,,,,,,1
2321,47,18,0.0,3,,10000,100,,,,,,1
2322,47,19,0.0,3,,10000,100,,,,,,1
2323,47,20,0.0,3,,10000,100,,,,,,1
2324,47,21,0.0,3,,10000,100,,,,,,1
2325,47,22,0.0,3,,10000,100,,,,,,1
2326,47,23,0.0,3,,10000,100,,,,,,1
2327,47,24,0.0,3,,10000,100,,,,,,1
2328,47,25,0.0,3,,10000,100,,,,,,1
2329,47,26,0.0,3,,10000,100,,,,,,1
2330,47,27,0.0,3,,10000,100,,,,,,1
2331,47,28,0.0,3,,10000,100,,,,,,1
2332,47,29,0.0,3,,10000,100,,,,,,1
2333,47,30,0.0,3,,10000,100,,,,,,1
2334,47,31,0.0,3,,10000,100,,,,,,1
2335,47,32,0.0,3,,10000,100,,,,,,1
2336,47,33,0.0,3,,10000,100,,,,,,1
2337,47,34,1.8e-05,3,,10000,100,,,,,,1
2338,47,35,0.0,3,,10000,100,,,,,,1
2339,47,36,0.0,3,,10000,100,,,,,,1
2340,47,37,0.001285,3,,10000,100,,,,,,1
2341,47,38,0.0,3,,10000,100,,,,,,1
2342,47,39,0.0,3,,10000,100,,,,,,1
2343,47,40,0.0,3,,10000,100,,,,,,1
2344,47,41,0.0,3,,10000,100,,,,,,1
2345,47,42,0.0,3,,10000,100,,,,,,1
2346,47,43,0.0,3,,10000,100,,,,,,1
2347,47,44,0.0,3,,10000,100,,,,,,1
2348,47,45,0.0,3,,10000,100,,,,,,1
2349,47,46,0.0,3,,10000,100,,,,,,1
2350,47,48,0.0,3,,10000,100,,,,,,1
2351,47,49,0.0,3,,10000,100,,,,,,1
2352,48,0,0.0,3,,10000,100,,,,,,1
2353,48,1,0.0,3,,10000,100,,,,,,1
2354,48,2,0.0,3,,10000,100,,,,,,1
2355,48,3,0.0,3,,10000,100,,,,,,1
2356,48,4,0.0,3,,10000,100,,,,,,1
2357,48,5,0.0,3,,10000,100,,,,,,1
2358,48,6,0.0,3,,10000,100,,,,,,1
2359,48,7,0.0,3,,10000,100,,,,,,1
2360,48,8,0.0,3,,10000,100,,,,,,1
2361,48,9,0.0,3,,10000,100,,,,,,1
2362,48,10,0.0,3,,10000,100,,,,,,1
2363,48,11,0.0,3,,10000,100,,,,,,1
2364,48,12,0.0,3,,10000,100,,,,,,1
2365,48,13,0.0,3,,10000,100,,,,,,1
2366,48,14,0.0,3,,10000,100,,,,,,1
2367,48,15,0.0,3,,10000,100,,,,,,1
2368,48,16,0.0,3,,10000,100,,,,,,1
2369,48,17,0.0,3,,10000,100,,,,,,1
2370,48,18,0.0,3,,10000,100,,,,,,1
2371,48,19,0.0,3,,10000,100,,,,,,1
2372,48,20,0.0,3,,10000,100,,,,,,1
2373,48,21,0.0,3,,10000,100,,,,,,1
2374,48,22,0.0,3,,10000,100,,,,,,1
2375,48,23,0.0,3,,10000,100,,,,,,1
2376,48,24,0.0,3,,10000,100,,,,,,1
2377,48,25,0.0,3,,10000,100,,,,,,1
2378,48,26,0.0,3,,10000,100,,,,,,1
2379,48,27,0.0,3,,10000,100,,,,,,1
2380,48,28,0.0,3,,10000,100,,,,,,1
2381,48,29,0.0,3,,10000,100,,,,,,1
2382,48,30,0.0,3,,10000,100,,,,,,1
2383,48,31,0.0,3,,10000,100,,,,,,1
2384,48,32,0.0,3,,10000,100,,,,,,1
2385,48,33,0.0,3,,10000,100,,,,,,1
2386,48,34,0.0,3,,10000,100,,,,,,1
2387,48,35,0.0,3,,10000,100,,,,,,1
2388,48,36,0.0,3,,10000,100,,,,,,1
2389,48,37,0.0,3,,10000,100,,,,,,1
2390,48,38,0.0,3,,10000,100,,,,,,1
2391,48,39,0.0,3,,10000,100,,,,,,1
2392,48,40,0.0,3,,10000,100,,,,,,1
2393,48,41,0.0,3,,10000,100,,,,,,1
2394,48,42,0.0,3,,10000,100,,,,,,1
2395,48,43,0.0,3,,10000,100,,,,,,1
2396,48,44,0.0,3,,10000,100,,,,,,1
2397,48,45,0.0,3,,10000,100,,,,,,1
2398,48,46,0.0,3,,10000,100,,,,,,1
2399,48,47,0.0,3,,10000,100,,,,,,1
2400,48,49,0.0,3,,10000,100,,,,,,1
2401,49,0,0.0,3,,10000,100,,,,,,1
2402,49,1,0.0,3,,10000,100,,,,,,1
2403,49,2,0.007846,3,,10000,100,,,,,,1
2404,49,3,0.029376,3,,10000,100,,,,,,1
2405,49,4,0.0,3,,10000,100,,,,,,1
2406,49,5,0.000201,3,,10000,100,,,,,,1
2407,49,6,0.0,3,,10000,100,,,,,,1
2408,49,7,0.0,3,,10000,100,,,,,,1
2409,49,8,0.0,3,,10000,100,,,,,,1
2410,49,9,0.016143,3,,10000,100,,,,,,1
2411,49,10,0.000132,3,,10000,100,,,,,,1
2412,49,11,0.000193,3,,10000,100,,,,,,1
2413,49,12,0.0,3,,10000,100,,,,,,1
2414,49,13,0.156002,3,,10000,100,,,,,,1
2415,49,14,0.0,3,,10000,100,,,,,,1
2416,49,15,0.0,3,,10000,100,,,,,,1
2417,49,16,1.779615,3,,10000,100,,,,,,1
2418,49,17,0.0,3,,10000,100,,,,,,1
2419,49,18,0.0,3,,10000,100,,,,,,1
2420,49,19,0.0,3,,10000,100,,,,,,1
2421,49,20,0.0,3,,10000,100,,,,,,1
2422,49,21,0.0,3,,10000,100,,,,,,1
2423,49,22,0.007774,3,,10000,100,,,,,,1
2424,49,23,0.122681,3,,10000,100,,,,,,1
2425,49,24,0.002556,3,,10000,100,,,,,,1
2426,49,25,0.000264,3,,10000,100,,,,,,1
2427,49,26,0.0,3,,10000,100,,,,,,1
2428,49,27,0.0,3,,10000,100,,,,,,1
2429,49,28,0.0,3,,10000,100,,,,,,1
2430,49,29,0.007365,3,,10000,100,,,,,,1
2431,49,30,0.0,3,,10000,100,,,,,,1
2432,49,31,0.376649,3,,10000,100,,,,,,1
2433,49,32,0.0,3,,10000,100,,,,,,1
2434,49,33,0.0,3,,10000,100,,,,,,1
2435,49,34,0.155881,3,,10000,100,,,,,,1
2436,49,35,0.0,3,,10000,100,,,,,,1
2437,49,36,0.0,3,,10000,100,,,,,,1
2438,49,37,0.005742,3,,10000,100,,,,,,1
2439,49,38,0.0,3,,10000,100,,,,,,1
2440,49,39,0.0,3,,10000,100,,,,,,1
2441,49,40,0.0,3,,10000,100,,,,,,1
2442,49,41,0.0,3,,10000,100,,,,,,1
2443,49,42,0.0,3,,10000,100,,,,,,1
2444,49,43,0.0,3,,10000,100,,,,,,1
2445,49,44,0.0,3,,10000,100,,,,,,1
2446,49,45,0.0,3,,10000,100,,,,,,1
2447,49,46,0.0,3,,10000,100,,,,,,1
2448,49,47,0.0,3,,10000,100,,,,,,1
2449,49,48,0.0,3,,10000,100,,,,,,1
